OBJECTID,Join_Count,TARGET_FID,JOIN_FID,gauge_id,ims_1,NEAR_DIST,NEAR_X,NEAR_Y,stationId,latitude,longitude,NEAR_FID,Shape_Length,Shape_Area
1,1,0,8,il_17110,0,-1,-1,-1,20,32.166,35.099,0,0.991498192914059,0.022809563580088
2,1,0,9,il_17110,0,-1,-1,-1,21,32.106,35.212,0,0.991498192914059,0.022809563580088
3,1,0,42,il_17110,0,-1,-1,-1,90,32.166,35.349,8,0.991498192914059,0.022809563580088
4,1,0,73,il_17110,0,-1,-1,-1,242,32.1056,35.2114,0,0.991498192914059,0.022809563580088
5,1,0,78,il_17110,0,-1,-1,-1,247,32.1752,35.0959,0,0.991498192914059,0.022809563580088
6,1,0,88,il_17110,0,-1,-1,-1,270,32.127,35.026,0,0.991498192914059,0.022809563580088
7,1,0,92,il_17110,0,-1,-1,-1,277,32.1598,35.3513,0,0.991498192914059,0.022809563580088
8,1,1,8,il_17117,0,-1,-1,-1,20,32.166,35.099,0,1.27243745055452,0.0350132380589765
9,1,1,9,il_17117,0,-1,-1,-1,21,32.106,35.212,0,1.27243745055452,0.0350132380589765
10,1,1,12,il_17117,0,-1,-1,-1,24,31.933,35.15,3,1.27243745055452,0.0350132380589765
11,1,1,42,il_17117,0,-1,-1,-1,90,32.166,35.349,8,1.27243745055452,0.0350132380589765
12,1,1,73,il_17117,0,-1,-1,-1,242,32.1056,35.2114,0,1.27243745055452,0.0350132380589765
13,1,1,78,il_17117,0,-1,-1,-1,247,32.1752,35.0959,0,1.27243745055452,0.0350132380589765
14,1,1,88,il_17117,0,-1,-1,-1,270,32.127,35.026,0,1.27243745055452,0.0350132380589765
15,1,1,92,il_17117,0,-1,-1,-1,277,32.1598,35.3513,0,1.27243745055452,0.0350132380589765
16,1,1,93,il_17117,0,-1,-1,-1,278,31.9449,35.1499,3,1.27243745055452,0.0350132380589765
17,1,2,10,il_17144,0,-1,-1,-1,22,31.771,35.197,31,0.915158605266047,0.0283773470711457
18,1,2,11,il_17144,0,-1,-1,-1,23,31.781,35.222,33,0.915158605266047,0.0283773470711457
19,1,2,12,il_17144,0,-1,-1,-1,24,31.933,35.15,3,0.915158605266047,0.0283773470711457
20,1,2,28,il_17144,0,-1,-1,-1,54,32.009,34.814,6,0.915158605266047,0.0283773470711457
21,1,2,37,il_17144,0,-1,-1,-1,75,31.716,34.966,33,0.915158605266047,0.0283773470711457
22,1,2,62,il_17144,0,-1,-1,-1,212,32.0073,34.8138,6,0.915158605266047,0.0283773470711457
23,1,2,79,il_17144,0,-1,-1,-1,248,31.7806,35.2217,33,0.915158605266047,0.0283773470711457
24,1,2,80,il_17144,0,-1,-1,-1,249,31.7704,35.1973,31,0.915158605266047,0.0283773470711457
25,1,2,85,il_17144,0,-1,-1,-1,259,31.834,34.961,2,0.915158605266047,0.0283773470711457
26,1,2,93,il_17144,0,-1,-1,-1,278,31.9449,35.1499,3,0.915158605266047,0.0283773470711457
27,1,2,96,il_17144,0,-1,-1,-1,281,31.7878,35.1258,33,0.915158605266047,0.0283773470711457
28,1,2,97,il_17144,0,-1,-1,-1,282,31.8341,34.9616,2,0.915158605266047,0.0283773470711457
29,1,2,103,il_17144,0,-1,-1,-1,288,31.7248,34.9762,33,0.915158605266047,0.0283773470711457
30,1,3,12,il_17155,0,-1,-1,-1,24,31.933,35.15,3,0.932036836855811,0.0233747040933483
31,1,3,93,il_17155,0,-1,-1,-1,278,31.9449,35.1499,3,0.932036836855811,0.0233747040933483
32,1,3,96,il_17155,0,-1,-1,-1,281,31.7878,35.1258,33,0.932036836855811,0.0233747040933483
33,1,4,88,il_17162,0,0.0816437430101,35.026,32.127,270,32.127,35.026,0,0.45144227118718,0.00864555788324099
34,1,5,10,il_17164,0,-1,-1,-1,22,31.771,35.197,31,1.27776201820274,0.0535222115754178
35,1,5,11,il_17164,0,-1,-1,-1,23,31.781,35.222,33,1.27776201820274,0.0535222115754178
36,1,5,12,il_17164,0,-1,-1,-1,24,31.933,35.15,3,1.27776201820274,0.0535222115754178
37,1,5,28,il_17164,0,-1,-1,-1,54,32.009,34.814,6,1.27776201820274,0.0535222115754178
38,1,5,37,il_17164,0,-1,-1,-1,75,31.716,34.966,33,1.27776201820274,0.0535222115754178
39,1,5,62,il_17164,0,-1,-1,-1,212,32.0073,34.8138,6,1.27776201820274,0.0535222115754178
40,1,5,79,il_17164,0,-1,-1,-1,248,31.7806,35.2217,33,1.27776201820274,0.0535222115754178
41,1,5,80,il_17164,0,-1,-1,-1,249,31.7704,35.1973,31,1.27776201820274,0.0535222115754178
42,1,5,85,il_17164,0,-1,-1,-1,259,31.834,34.961,2,1.27776201820274,0.0535222115754178
43,1,5,93,il_17164,0,-1,-1,-1,278,31.9449,35.1499,3,1.27776201820274,0.0535222115754178
44,1,5,96,il_17164,0,-1,-1,-1,281,31.7878,35.1258,33,1.27776201820274,0.0535222115754178
45,1,5,97,il_17164,0,-1,-1,-1,282,31.8341,34.9616,2,1.27776201820274,0.0535222115754178
46,1,5,103,il_17164,0,-1,-1,-1,288,31.7248,34.9762,33,1.27776201820274,0.0535222115754178
47,1,6,10,il_17168,0,-1,-1,-1,22,31.771,35.197,31,1.4426694000438,0.0752500901513421
48,1,6,11,il_17168,0,-1,-1,-1,23,31.781,35.222,33,1.4426694000438,0.0752500901513421
49,1,6,12,il_17168,0,-1,-1,-1,24,31.933,35.15,3,1.4426694000438,0.0752500901513421
50,1,6,28,il_17168,0,-1,-1,-1,54,32.009,34.814,6,1.4426694000438,0.0752500901513421
51,1,6,37,il_17168,0,-1,-1,-1,75,31.716,34.966,33,1.4426694000438,0.0752500901513421
52,1,6,52,il_17168,0,-1,-1,-1,178,32.059,34.759,6,1.4426694000438,0.0752500901513421
53,1,6,62,il_17168,0,-1,-1,-1,212,32.0073,34.8138,6,1.4426694000438,0.0752500901513421
54,1,6,79,il_17168,0,-1,-1,-1,248,31.7806,35.2217,33,1.4426694000438,0.0752500901513421
55,1,6,80,il_17168,0,-1,-1,-1,249,31.7704,35.1973,31,1.4426694000438,0.0752500901513421
56,1,6,85,il_17168,0,-1,-1,-1,259,31.834,34.961,2,1.4426694000438,0.0752500901513421
57,1,6,88,il_17168,0,-1,-1,-1,270,32.127,35.026,0,1.4426694000438,0.0752500901513421
58,1,6,93,il_17168,0,-1,-1,-1,278,31.9449,35.1499,3,1.4426694000438,0.0752500901513421
59,1,6,96,il_17168,0,-1,-1,-1,281,31.7878,35.1258,33,1.4426694000438,0.0752500901513421
60,1,6,97,il_17168,0,-1,-1,-1,282,31.8341,34.9616,2,1.4426694000438,0.0752500901513421
61,1,6,103,il_17168,0,-1,-1,-1,288,31.7248,34.9762,33,1.4426694000438,0.0752500901513421
62,1,6,114,il_17168,0,-1,-1,-1,299,32.058,34.7588,6,1.4426694000438,0.0752500901513421
63,1,7,8,il_17123,0,-1,-1,-1,20,32.166,35.099,0,1.25048958798847,0.0347033433041629
64,1,7,9,il_17123,0,-1,-1,-1,21,32.106,35.212,0,1.25048958798847,0.0347033433041629
65,1,7,12,il_17123,0,-1,-1,-1,24,31.933,35.15,3,1.25048958798847,0.0347033433041629
66,1,7,42,il_17123,0,-1,-1,-1,90,32.166,35.349,8,1.25048958798847,0.0347033433041629
67,1,7,73,il_17123,0,-1,-1,-1,242,32.1056,35.2114,0,1.25048958798847,0.0347033433041629
68,1,7,78,il_17123,0,-1,-1,-1,247,32.1752,35.0959,0,1.25048958798847,0.0347033433041629
69,1,7,88,il_17123,0,-1,-1,-1,270,32.127,35.026,0,1.25048958798847,0.0347033433041629
70,1,7,92,il_17123,0,-1,-1,-1,277,32.1598,35.3513,0,1.25048958798847,0.0347033433041629
71,1,7,93,il_17123,0,-1,-1,-1,278,31.9449,35.1499,3,1.25048958798847,0.0347033433041629
72,1,8,8,il_17135,0,-1,-1,-1,20,32.166,35.099,0,1.73233449215999,0.0911332432438416
73,1,8,9,il_17135,0,-1,-1,-1,21,32.106,35.212,0,1.73233449215999,0.0911332432438416
74,1,8,12,il_17135,0,-1,-1,-1,24,31.933,35.15,3,1.73233449215999,0.0911332432438416
75,1,8,28,il_17135,0,-1,-1,-1,54,32.009,34.814,6,1.73233449215999,0.0911332432438416
76,1,8,42,il_17135,0,-1,-1,-1,90,32.166,35.349,8,1.73233449215999,0.0911332432438416
77,1,8,52,il_17135,0,-1,-1,-1,178,32.059,34.759,6,1.73233449215999,0.0911332432438416
78,1,8,62,il_17135,0,-1,-1,-1,212,32.0073,34.8138,6,1.73233449215999,0.0911332432438416
79,1,8,73,il_17135,0,-1,-1,-1,242,32.1056,35.2114,0,1.73233449215999,0.0911332432438416
80,1,8,78,il_17135,0,-1,-1,-1,247,32.1752,35.0959,0,1.73233449215999,0.0911332432438416
81,1,8,88,il_17135,0,-1,-1,-1,270,32.127,35.026,0,1.73233449215999,0.0911332432438416
82,1,8,92,il_17135,0,-1,-1,-1,277,32.1598,35.3513,0,1.73233449215999,0.0911332432438416
83,1,8,93,il_17135,0,-1,-1,-1,278,31.9449,35.1499,3,1.73233449215999,0.0911332432438416
84,1,8,114,il_17135,0,-1,-1,-1,299,32.058,34.7588,6,1.73233449215999,0.0911332432438416
85,1,9,25,il_12130,0,-1,-1,-1,44,32.682,34.96,10,0.330496909061259,0.00407640391033038
86,1,9,26,il_12130,0,-1,-1,-1,45,32.566,34.95,10,0.330496909061259,0.00407640391033038
87,1,9,34,il_12130,0,-1,-1,-1,67,32.633,35.099,90,0.330496909061259,0.00407640391033038
88,1,9,127,il_12130,0,-1,-1,-1,313,32.6808,34.9594,10,0.330496909061259,0.00407640391033038
89,1,9,128,il_12130,0,-1,-1,-1,314,32.5724,34.9546,10,0.330496909061259,0.00407640391033038
90,1,9,131,il_12130,0,-1,-1,-1,317,32.6028,35.0964,92,0.330496909061259,0.00407640391033038
91,1,10,25,il_12140,0,-1,-1,-1,44,32.682,34.96,10,0.451413688918905,0.00658341482633715
92,1,10,26,il_12140,0,-1,-1,-1,45,32.566,34.95,10,0.451413688918905,0.00658341482633715
93,1,10,34,il_12140,0,-1,-1,-1,67,32.633,35.099,90,0.451413688918905,0.00658341482633715
94,1,10,127,il_12140,0,-1,-1,-1,313,32.6808,34.9594,10,0.451413688918905,0.00658341482633715
95,1,10,128,il_12140,0,-1,-1,-1,314,32.5724,34.9546,10,0.451413688918905,0.00658341482633715
96,1,10,131,il_12140,0,-1,-1,-1,317,32.6028,35.0964,92,0.451413688918905,0.00658341482633715
97,1,11,26,il_13105,0,-1,-1,-1,45,32.566,34.95,10,0.417263628587679,0.00487753870638539
98,1,11,34,il_13105,0,-1,-1,-1,67,32.633,35.099,90,0.417263628587679,0.00487753870638539
99,1,11,128,il_13105,0,-1,-1,-1,314,32.5724,34.9546,10,0.417263628587679,0.00487753870638539
100,1,11,131,il_13105,0,-1,-1,-1,317,32.6028,35.0964,92,0.417263628587679,0.00487753870638539
101,1,12,26,il_13125,0,-1,-1,-1,45,32.566,34.95,10,0.269794538177789,0.00168114397756937
102,1,12,34,il_13125,0,-1,-1,-1,67,32.633,35.099,90,0.269794538177789,0.00168114397756937
103,1,12,128,il_13125,0,-1,-1,-1,314,32.5724,34.9546,10,0.269794538177789,0.00168114397756937
104,1,12,131,il_13125,0,-1,-1,-1,317,32.6028,35.0964,92,0.269794538177789,0.00168114397756937
105,1,13,26,il_13135,0,-1,-1,-1,45,32.566,34.95,10,0.337910043679202,0.00276544863055074
106,1,13,128,il_13135,0,-1,-1,-1,314,32.5724,34.9546,10,0.337910043679202,0.00276544863055074
107,1,13,131,il_13135,0,-1,-1,-1,317,32.6028,35.0964,92,0.337910043679202,0.00276544863055074
108,1,14,26,il_13146,0,-1,-1,-1,45,32.566,34.95,10,0.459001733197826,0.00596160541442275
109,1,14,27,il_13146,0,-1,-1,-1,46,32.474,34.883,17,0.459001733197826,0.00596160541442275
110,1,14,34,il_13146,0,-1,-1,-1,67,32.633,35.099,90,0.459001733197826,0.00596160541442275
111,1,14,128,il_13146,0,-1,-1,-1,314,32.5724,34.9546,10,0.459001733197826,0.00596160541442275
112,1,14,129,il_13146,0,-1,-1,-1,315,32.4732,34.8815,17,0.459001733197826,0.00596160541442275
113,1,14,131,il_13146,0,-1,-1,-1,317,32.6028,35.0964,92,0.459001733197826,0.00596160541442275
114,1,15,131,il_14115,0,-1,-1,-1,317,32.6028,35.0964,92,0.454211864269605,0.00569007012793542
115,1,16,27,il_14120,0,-1,-1,-1,46,32.474,34.883,17,1.34028859363584,0.0554628957065925
116,1,16,46,il_14120,0,-1,-1,-1,107,32.388,34.938,17,1.34028859363584,0.0554628957065925
117,1,16,64,il_14120,0,-1,-1,-1,224,32.481,35.415,92,1.34028859363584,0.0554628957065925
118,1,16,77,il_14120,0,-1,-1,-1,246,32.3877,34.9376,17,1.34028859363584,0.0554628957065925
119,1,16,129,il_14120,0,-1,-1,-1,315,32.4732,34.8815,17,1.34028859363584,0.0554628957065925
120,1,16,131,il_14120,0,-1,-1,-1,317,32.6028,35.0964,92,1.34028859363584,0.0554628957065925
121,1,16,140,il_14120,0,-1,-1,-1,328,32.481,35.415,92,1.34028859363584,0.0554628957065925
122,1,17,8,il_15120,0,-1,-1,-1,20,32.166,35.099,0,1.32343863337894,0.0467560119795596
123,1,17,9,il_15120,0,-1,-1,-1,21,32.106,35.212,0,1.32343863337894,0.0467560119795596
124,1,17,27,il_15120,0,-1,-1,-1,46,32.474,34.883,17,1.32343863337894,0.0467560119795596
125,1,17,42,il_15120,0,-1,-1,-1,90,32.166,35.349,8,1.32343863337894,0.0467560119795596
126,1,17,46,il_15120,0,-1,-1,-1,107,32.388,34.938,17,1.32343863337894,0.0467560119795596
127,1,17,73,il_15120,0,-1,-1,-1,242,32.1056,35.2114,0,1.32343863337894,0.0467560119795596
128,1,17,77,il_15120,0,-1,-1,-1,246,32.3877,34.9376,17,1.32343863337894,0.0467560119795596
129,1,17,78,il_15120,0,-1,-1,-1,247,32.1752,35.0959,0,1.32343863337894,0.0467560119795596
130,1,17,92,il_15120,0,-1,-1,-1,277,32.1598,35.3513,0,1.32343863337894,0.0467560119795596
131,1,17,129,il_15120,0,-1,-1,-1,315,32.4732,34.8815,17,1.32343863337894,0.0467560119795596
132,1,18,72,il_30145,0,-1,-1,-1,241,33.241,35.57,22,0.270462381821984,0.00296025879124402
133,1,18,149,il_30145,0,-1,-1,-1,346,33.2404,35.5696,22,0.270462381821984,0.00296025879124402
134,1,18,150,il_30145,0,-1,-1,-1,348,33.23,35.6,22,0.270462381821984,0.00296025879124402
135,1,18,154,il_30145,0,-1,-1,-1,352,33.23,35.6,22,0.270462381821984,0.00296025879124402
136,1,18,168,il_30145,0,-1,-1,-1,498,33.2277,35.635,22,0.270462381821984,0.00296025879124402
137,1,18,169,il_30145,0,-1,-1,-1,499,33.2277,35.635,22,0.270462381821984,0.00296025879124402
138,1,19,4,il_30155,0,-1,-1,-1,10,33.133,35.783,30,0.456482933924679,0.00426268732844899
139,1,19,55,il_30155,0,-1,-1,-1,202,33.173,35.613,22,0.456482933924679,0.00426268732844899
140,1,19,118,il_30155,0,-1,-1,-1,303,33.1288,35.8045,30,0.456482933924679,0.00426268732844899
141,1,19,137,il_30155,0,-1,-1,-1,324,33.1716,35.6133,22,0.456482933924679,0.00426268732844899
142,1,19,150,il_30155,0,-1,-1,-1,348,33.23,35.6,22,0.456482933924679,0.00426268732844899
143,1,19,154,il_30155,0,-1,-1,-1,352,33.23,35.6,22,0.456482933924679,0.00426268732844899
144,1,19,168,il_30155,0,-1,-1,-1,498,33.2277,35.635,22,0.456482933924679,0.00426268732844899
145,1,19,169,il_30155,0,-1,-1,-1,499,33.2277,35.635,22,0.456482933924679,0.00426268732844899
146,1,20,31,il_30165,0,-1,-1,-1,62,32.982,35.507,23,0.605250118986711,0.00871516680632943
147,1,20,87,il_30165,0,-1,-1,-1,269,32.956,35.328,42,0.605250118986711,0.00871516680632943
148,1,20,113,il_30165,0,-1,-1,-1,298,32.956,35.3287,42,0.605250118986711,0.00871516680632943
149,1,20,155,il_30165,0,-1,-1,-1,353,33.0244,35.5735,22,0.605250118986711,0.00871516680632943
150,1,20,156,il_30165,0,-1,-1,-1,354,33.0244,35.5735,22,0.605250118986711,0.00871516680632943
151,1,21,31,il_30170,0,-1,-1,-1,62,32.982,35.507,23,0.336072613759846,0.00330712881444493
152,1,21,50,il_30170,0,-1,-1,-1,123,32.916,35.533,29,0.336072613759846,0.00330712881444493
153,1,21,135,il_30170,0,-1,-1,-1,322,32.915,35.5135,29,0.336072613759846,0.00330712881444493
154,1,21,155,il_30170,0,-1,-1,-1,353,33.0244,35.5735,22,0.336072613759846,0.00330712881444493
155,1,21,156,il_30170,0,-1,-1,-1,354,33.0244,35.5735,22,0.336072613759846,0.00330712881444493
156,1,22,4,il_30175,0,-1,-1,-1,10,33.133,35.783,30,2.48621589877081,0.135912565911208
157,1,22,31,il_30175,0,-1,-1,-1,62,32.982,35.507,23,2.48621589877081,0.135912565911208
158,1,22,50,il_30175,0,-1,-1,-1,123,32.916,35.533,29,2.48621589877081,0.135912565911208
159,1,22,55,il_30175,0,-1,-1,-1,202,33.173,35.613,22,2.48621589877081,0.135912565911208
160,1,22,72,il_30175,0,-1,-1,-1,241,33.241,35.57,22,2.48621589877081,0.135912565911208
161,1,22,87,il_30175,0,-1,-1,-1,269,32.956,35.328,42,2.48621589877081,0.135912565911208
162,1,22,113,il_30175,0,-1,-1,-1,298,32.956,35.3287,42,2.48621589877081,0.135912565911208
163,1,22,118,il_30175,0,-1,-1,-1,303,33.1288,35.8045,30,2.48621589877081,0.135912565911208
164,1,22,135,il_30175,0,-1,-1,-1,322,32.915,35.5135,29,2.48621589877081,0.135912565911208
165,1,22,137,il_30175,0,-1,-1,-1,324,33.1716,35.6133,22,2.48621589877081,0.135912565911208
166,1,22,149,il_30175,0,-1,-1,-1,346,33.2404,35.5696,22,2.48621589877081,0.135912565911208
167,1,22,150,il_30175,0,-1,-1,-1,348,33.23,35.6,22,2.48621589877081,0.135912565911208
168,1,22,154,il_30175,0,-1,-1,-1,352,33.23,35.6,22,2.48621589877081,0.135912565911208
169,1,22,155,il_30175,0,-1,-1,-1,353,33.0244,35.5735,22,2.48621589877081,0.135912565911208
170,1,22,156,il_30175,0,-1,-1,-1,354,33.0244,35.5735,22,2.48621589877081,0.135912565911208
171,1,22,168,il_30175,0,-1,-1,-1,498,33.2277,35.635,22,2.48621589877081,0.135912565911208
172,1,22,169,il_30175,0,-1,-1,-1,499,33.2277,35.635,22,2.48621589877081,0.135912565911208
173,1,23,31,il_31110,0,-1,-1,-1,62,32.982,35.507,23,0.610704975669969,0.0121422613578549
174,1,23,44,il_31110,0,-1,-1,-1,99,32.863,35.374,89,0.610704975669969,0.0121422613578549
175,1,23,48,il_31110,0,-1,-1,-1,115,32.816,35.599,29,0.610704975669969,0.0121422613578549
176,1,23,50,il_31110,0,-1,-1,-1,123,32.916,35.533,29,0.610704975669969,0.0121422613578549
177,1,23,68,il_31110,0,-1,-1,-1,233,32.883,35.579,29,0.610704975669969,0.0121422613578549
178,1,23,87,il_31110,0,-1,-1,-1,269,32.956,35.328,42,0.610704975669969,0.0121422613578549
179,1,23,113,il_31110,0,-1,-1,-1,298,32.956,35.3287,42,0.610704975669969,0.0121422613578549
180,1,23,133,il_31110,0,-1,-1,-1,319,32.8621,35.3741,89,0.610704975669969,0.0121422613578549
181,1,23,135,il_31110,0,-1,-1,-1,322,32.915,35.5135,29,0.610704975669969,0.0121422613578549
182,1,23,142,il_31110,0,-1,-1,-1,330,32.8835,35.5792,29,0.610704975669969,0.0121422613578549
183,1,23,155,il_31110,0,-1,-1,-1,353,33.0244,35.5735,22,0.610704975669969,0.0121422613578549
184,1,23,156,il_31110,0,-1,-1,-1,354,33.0244,35.5735,22,0.610704975669969,0.0121422613578549
185,1,24,31,il_31115,0,-1,-1,-1,62,32.982,35.507,23,0.610465105347408,0.0095894845627757
186,1,24,44,il_31115,0,-1,-1,-1,99,32.863,35.374,89,0.610465105347408,0.0095894845627757
187,1,24,48,il_31115,0,-1,-1,-1,115,32.816,35.599,29,0.610465105347408,0.0095894845627757
188,1,24,50,il_31115,0,-1,-1,-1,123,32.916,35.533,29,0.610465105347408,0.0095894845627757
189,1,24,56,il_31115,0,-1,-1,-1,205,32.883,35.299,89,0.610465105347408,0.0095894845627757
190,1,24,68,il_31115,0,-1,-1,-1,233,32.883,35.579,29,0.610465105347408,0.0095894845627757
191,1,24,87,il_31115,0,-1,-1,-1,269,32.956,35.328,42,0.610465105347408,0.0095894845627757
192,1,24,113,il_31115,0,-1,-1,-1,298,32.956,35.3287,42,0.610465105347408,0.0095894845627757
193,1,24,133,il_31115,0,-1,-1,-1,319,32.8621,35.3741,89,0.610465105347408,0.0095894845627757
194,1,24,135,il_31115,0,-1,-1,-1,322,32.915,35.5135,29,0.610465105347408,0.0095894845627757
195,1,24,138,il_31115,0,-1,-1,-1,325,32.8844,35.3015,89,0.610465105347408,0.0095894845627757
196,1,24,142,il_31115,0,-1,-1,-1,330,32.8835,35.5792,29,0.610465105347408,0.0095894845627757
197,1,25,2,il_31155,0,-1,-1,-1,6,32.881,35.653,29,0.693295989270347,0.0154407302374451
198,1,25,4,il_31155,0,-1,-1,-1,10,33.133,35.783,30,0.693295989270347,0.0154407302374451
199,1,25,65,il_31155,0,-1,-1,-1,227,32.907,35.748,27,0.693295989270347,0.0154407302374451
200,1,25,68,il_31155,0,-1,-1,-1,233,32.883,35.579,29,0.693295989270347,0.0154407302374451
201,1,25,116,il_31155,0,-1,-1,-1,301,32.88,35.6504,29,0.693295989270347,0.0154407302374451
202,1,25,118,il_31155,0,-1,-1,-1,303,33.1288,35.8045,30,0.693295989270347,0.0154407302374451
203,1,25,139,il_31155,0,-1,-1,-1,327,32.9052,35.7487,27,0.693295989270347,0.0154407302374451
204,1,25,142,il_31155,0,-1,-1,-1,330,32.8835,35.5792,29,0.693295989270347,0.0154407302374451
205,1,25,155,il_31155,0,-1,-1,-1,353,33.0244,35.5735,22,0.693295989270347,0.0154407302374451
206,1,25,156,il_31155,0,-1,-1,-1,354,33.0244,35.5735,22,0.693295989270347,0.0154407302374451
207,1,26,2,il_31160,0,-1,-1,-1,6,32.881,35.653,29,0.598458683242298,0.00777980392486875
208,1,26,65,il_31160,0,-1,-1,-1,227,32.907,35.748,27,0.598458683242298,0.00777980392486875
209,1,26,68,il_31160,0,-1,-1,-1,233,32.883,35.579,29,0.598458683242298,0.00777980392486875
210,1,26,116,il_31160,0,-1,-1,-1,301,32.88,35.6504,29,0.598458683242298,0.00777980392486875
211,1,26,118,il_31160,0,-1,-1,-1,303,33.1288,35.8045,30,0.598458683242298,0.00777980392486875
212,1,26,139,il_31160,0,-1,-1,-1,327,32.9052,35.7487,27,0.598458683242298,0.00777980392486875
213,1,26,142,il_31160,0,-1,-1,-1,330,32.8835,35.5792,29,0.598458683242298,0.00777980392486875
214,1,27,1,il_31163,0,-1,-1,-1,2,32.817,35.763,28,0.549423295403101,0.0104743946713241
215,1,27,2,il_31163,0,-1,-1,-1,6,32.881,35.653,29,0.549423295403101,0.0104743946713241
216,1,27,65,il_31163,0,-1,-1,-1,227,32.907,35.748,27,0.549423295403101,0.0104743946713241
217,1,27,68,il_31163,0,-1,-1,-1,233,32.883,35.579,29,0.549423295403101,0.0104743946713241
218,1,27,115,il_31163,0,-1,-1,-1,300,32.8174,35.7622,28,0.549423295403101,0.0104743946713241
219,1,27,116,il_31163,0,-1,-1,-1,301,32.88,35.6504,29,0.549423295403101,0.0104743946713241
220,1,27,139,il_31163,0,-1,-1,-1,327,32.9052,35.7487,27,0.549423295403101,0.0104743946713241
221,1,27,142,il_31163,0,-1,-1,-1,330,32.8835,35.5792,29,0.549423295403101,0.0104743946713241
222,1,28,1,il_31165,0,-1,-1,-1,2,32.817,35.763,28,0.606629201138628,0.00973499809748511
223,1,28,2,il_31165,0,-1,-1,-1,6,32.881,35.653,29,0.606629201138628,0.00973499809748511
224,1,28,48,il_31165,0,-1,-1,-1,115,32.816,35.599,29,0.606629201138628,0.00973499809748511
225,1,28,65,il_31165,0,-1,-1,-1,227,32.907,35.748,27,0.606629201138628,0.00973499809748511
226,1,28,115,il_31165,0,-1,-1,-1,300,32.8174,35.7622,28,0.606629201138628,0.00973499809748511
227,1,28,116,il_31165,0,-1,-1,-1,301,32.88,35.6504,29,0.606629201138628,0.00973499809748511
228,1,28,139,il_31165,0,-1,-1,-1,327,32.9052,35.7487,27,0.606629201138628,0.00973499809748511
229,1,29,1,il_31198,0,-1,-1,-1,2,32.817,35.763,28,4.11672783765748,0.252166857333692
230,1,29,2,il_31198,0,-1,-1,-1,6,32.881,35.653,29,4.11672783765748,0.252166857333692
231,1,29,3,il_31198,0,-1,-1,-1,8,32.704,35.584,29,4.11672783765748,0.252166857333692
232,1,29,4,il_31198,0,-1,-1,-1,10,33.133,35.783,30,4.11672783765748,0.252166857333692
233,1,29,5,il_31198,0,-1,-1,-1,11,32.683,35.516,29,4.11672783765748,0.252166857333692
234,1,29,31,il_31198,0,-1,-1,-1,62,32.982,35.507,23,4.11672783765748,0.252166857333692
235,1,29,44,il_31198,0,-1,-1,-1,99,32.863,35.374,89,4.11672783765748,0.252166857333692
236,1,29,48,il_31198,0,-1,-1,-1,115,32.816,35.599,29,4.11672783765748,0.252166857333692
237,1,29,50,il_31198,0,-1,-1,-1,123,32.916,35.533,29,4.11672783765748,0.252166857333692
238,1,29,55,il_31198,0,-1,-1,-1,202,33.173,35.613,22,4.11672783765748,0.252166857333692
239,1,29,56,il_31198,0,-1,-1,-1,205,32.883,35.299,89,4.11672783765748,0.252166857333692
240,1,29,65,il_31198,0,-1,-1,-1,227,32.907,35.748,27,4.11672783765748,0.252166857333692
241,1,29,68,il_31198,0,-1,-1,-1,233,32.883,35.579,29,4.11672783765748,0.252166857333692
242,1,29,72,il_31198,0,-1,-1,-1,241,33.241,35.57,22,4.11672783765748,0.252166857333692
243,1,29,87,il_31198,0,-1,-1,-1,269,32.956,35.328,42,4.11672783765748,0.252166857333692
244,1,29,113,il_31198,0,-1,-1,-1,298,32.956,35.3287,42,4.11672783765748,0.252166857333692
245,1,29,115,il_31198,0,-1,-1,-1,300,32.8174,35.7622,28,4.11672783765748,0.252166857333692
246,1,29,116,il_31198,0,-1,-1,-1,301,32.88,35.6504,29,4.11672783765748,0.252166857333692
247,1,29,117,il_31198,0,-1,-1,-1,302,32.7024,35.5839,29,4.11672783765748,0.252166857333692
248,1,29,118,il_31198,0,-1,-1,-1,303,33.1288,35.8045,30,4.11672783765748,0.252166857333692
249,1,29,119,il_31198,0,-1,-1,-1,304,32.6978,35.5101,29,4.11672783765748,0.252166857333692
250,1,29,133,il_31198,0,-1,-1,-1,319,32.8621,35.3741,89,4.11672783765748,0.252166857333692
251,1,29,135,il_31198,0,-1,-1,-1,322,32.915,35.5135,29,4.11672783765748,0.252166857333692
252,1,29,137,il_31198,0,-1,-1,-1,324,33.1716,35.6133,22,4.11672783765748,0.252166857333692
253,1,29,138,il_31198,0,-1,-1,-1,325,32.8844,35.3015,89,4.11672783765748,0.252166857333692
254,1,29,139,il_31198,0,-1,-1,-1,327,32.9052,35.7487,27,4.11672783765748,0.252166857333692
255,1,29,142,il_31198,0,-1,-1,-1,330,32.8835,35.5792,29,4.11672783765748,0.252166857333692
256,1,29,149,il_31198,0,-1,-1,-1,346,33.2404,35.5696,22,4.11672783765748,0.252166857333692
257,1,29,150,il_31198,0,-1,-1,-1,348,33.23,35.6,22,4.11672783765748,0.252166857333692
258,1,29,154,il_31198,0,-1,-1,-1,352,33.23,35.6,22,4.11672783765748,0.252166857333692
259,1,29,155,il_31198,0,-1,-1,-1,353,33.0244,35.5735,22,4.11672783765748,0.252166857333692
260,1,29,156,il_31198,0,-1,-1,-1,354,33.0244,35.5735,22,4.11672783765748,0.252166857333692
261,1,29,157,il_31198,0,-1,-1,-1,355,32.67,35.6,29,4.11672783765748,0.252166857333692
262,1,29,168,il_31198,0,-1,-1,-1,498,33.2277,35.635,22,4.11672783765748,0.252166857333692
263,1,29,169,il_31198,0,-1,-1,-1,499,33.2277,35.635,22,4.11672783765748,0.252166857333692
264,1,30,1,il_34160,0,-1,-1,-1,2,32.817,35.763,28,1.79342607925692,0.0220599635452106
265,1,30,3,il_34160,0,-1,-1,-1,8,32.704,35.584,29,1.79342607925692,0.0220599635452106
266,1,30,4,il_34160,0,-1,-1,-1,10,33.133,35.783,30,1.79342607925692,0.0220599635452106
267,1,30,48,il_34160,0,-1,-1,-1,115,32.816,35.599,29,1.79342607925692,0.0220599635452106
268,1,30,65,il_34160,0,-1,-1,-1,227,32.907,35.748,27,1.79342607925692,0.0220599635452106
269,1,30,115,il_34160,0,-1,-1,-1,300,32.8174,35.7622,28,1.79342607925692,0.0220599635452106
270,1,30,117,il_34160,0,-1,-1,-1,302,32.7024,35.5839,29,1.79342607925692,0.0220599635452106
271,1,30,118,il_34160,0,-1,-1,-1,303,33.1288,35.8045,30,1.79342607925692,0.0220599635452106
272,1,30,139,il_34160,0,-1,-1,-1,327,32.9052,35.7487,27,1.79342607925692,0.0220599635452106
273,1,30,157,il_34160,0,-1,-1,-1,355,32.67,35.6,29,1.79342607925692,0.0220599635452106
274,1,31,10,il_18115,0,-1,-1,-1,22,31.771,35.197,31,0.951537259402975,0.0228079416591898
275,1,31,11,il_18115,0,-1,-1,-1,23,31.781,35.222,33,0.951537259402975,0.0228079416591898
276,1,31,12,il_18115,0,-1,-1,-1,24,31.933,35.15,3,0.951537259402975,0.0228079416591898
277,1,31,13,il_18115,0,-1,-1,-1,25,31.683,34.983,37,0.951537259402975,0.0228079416591898
278,1,31,37,il_18115,0,-1,-1,-1,75,31.716,34.966,33,0.951537259402975,0.0228079416591898
279,1,31,38,il_18115,0,-1,-1,-1,77,31.665,35.124,37,0.951537259402975,0.0228079416591898
280,1,31,63,il_18115,0,-1,-1,-1,218,31.773,35.296,64,0.951537259402975,0.0228079416591898
281,1,31,79,il_18115,0,-1,-1,-1,248,31.7806,35.2217,33,0.951537259402975,0.0228079416591898
282,1,31,80,il_18115,0,-1,-1,-1,249,31.7704,35.1973,31,0.951537259402975,0.0228079416591898
283,1,31,85,il_18115,0,-1,-1,-1,259,31.834,34.961,2,0.951537259402975,0.0228079416591898
284,1,31,93,il_18115,0,-1,-1,-1,278,31.9449,35.1499,3,0.951537259402975,0.0228079416591898
285,1,31,95,il_18115,0,-1,-1,-1,280,31.774,35.2961,64,0.951537259402975,0.0228079416591898
286,1,31,96,il_18115,0,-1,-1,-1,281,31.7878,35.1258,33,0.951537259402975,0.0228079416591898
287,1,31,97,il_18115,0,-1,-1,-1,282,31.8341,34.9616,2,0.951537259402975,0.0228079416591898
288,1,31,101,il_18115,0,-1,-1,-1,286,31.6644,35.1233,37,0.951537259402975,0.0228079416591898
289,1,31,102,il_18115,0,-1,-1,-1,287,31.6898,34.9744,37,0.951537259402975,0.0228079416591898
290,1,31,103,il_18115,0,-1,-1,-1,288,31.7248,34.9762,33,0.951537259402975,0.0228079416591898
291,1,32,37,il_18125,0,-1,-1,-1,75,31.716,34.966,33,0.147077835074571,0.00123371287748366
292,1,32,85,il_18125,0,-1,-1,-1,259,31.834,34.961,2,0.147077835074571,0.00123371287748366
293,1,32,97,il_18125,0,-1,-1,-1,282,31.8341,34.9616,2,0.147077835074571,0.00123371287748366
294,1,32,102,il_18125,0,-1,-1,-1,287,31.6898,34.9744,37,0.147077835074571,0.00123371287748366
295,1,32,103,il_18125,0,-1,-1,-1,288,31.7248,34.9762,33,0.147077835074571,0.00123371287748366
296,1,33,10,il_18131,0,-1,-1,-1,22,31.771,35.197,31,1.3114021857998,0.038728285861729
297,1,33,11,il_18131,0,-1,-1,-1,23,31.781,35.222,33,1.3114021857998,0.038728285861729
298,1,33,12,il_18131,0,-1,-1,-1,24,31.933,35.15,3,1.3114021857998,0.038728285861729
299,1,33,13,il_18131,0,-1,-1,-1,25,31.683,34.983,37,1.3114021857998,0.038728285861729
300,1,33,37,il_18131,0,-1,-1,-1,75,31.716,34.966,33,1.3114021857998,0.038728285861729
301,1,33,38,il_18131,0,-1,-1,-1,77,31.665,35.124,37,1.3114021857998,0.038728285861729
302,1,33,49,il_18131,0,-1,-1,-1,121,31.793,34.804,34,1.3114021857998,0.038728285861729
303,1,33,63,il_18131,0,-1,-1,-1,218,31.773,35.296,64,1.3114021857998,0.038728285861729
304,1,33,79,il_18131,0,-1,-1,-1,248,31.7806,35.2217,33,1.3114021857998,0.038728285861729
305,1,33,80,il_18131,0,-1,-1,-1,249,31.7704,35.1973,31,1.3114021857998,0.038728285861729
306,1,33,85,il_18131,0,-1,-1,-1,259,31.834,34.961,2,1.3114021857998,0.038728285861729
307,1,33,93,il_18131,0,-1,-1,-1,278,31.9449,35.1499,3,1.3114021857998,0.038728285861729
308,1,33,95,il_18131,0,-1,-1,-1,280,31.774,35.2961,64,1.3114021857998,0.038728285861729
309,1,33,96,il_18131,0,-1,-1,-1,281,31.7878,35.1258,33,1.3114021857998,0.038728285861729
310,1,33,97,il_18131,0,-1,-1,-1,282,31.8341,34.9616,2,1.3114021857998,0.038728285861729
311,1,33,98,il_18131,0,-1,-1,-1,283,31.791,34.805,34,1.3114021857998,0.038728285861729
312,1,33,101,il_18131,0,-1,-1,-1,286,31.6644,35.1233,37,1.3114021857998,0.038728285861729
313,1,33,102,il_18131,0,-1,-1,-1,287,31.6898,34.9744,37,1.3114021857998,0.038728285861729
314,1,33,103,il_18131,0,-1,-1,-1,288,31.7248,34.9762,33,1.3114021857998,0.038728285861729
315,1,34,10,il_18150,0,-1,-1,-1,22,31.771,35.197,31,1.65520896362519,0.0586010307426412
316,1,34,11,il_18150,0,-1,-1,-1,23,31.781,35.222,33,1.65520896362519,0.0586010307426412
317,1,34,12,il_18150,0,-1,-1,-1,24,31.933,35.15,3,1.65520896362519,0.0586010307426412
318,1,34,13,il_18150,0,-1,-1,-1,25,31.683,34.983,37,1.65520896362519,0.0586010307426412
319,1,34,36,il_18150,0,-1,-1,-1,74,31.816,34.7,37,1.65520896362519,0.0586010307426412
320,1,34,37,il_18150,0,-1,-1,-1,75,31.716,34.966,33,1.65520896362519,0.0586010307426412
321,1,34,38,il_18150,0,-1,-1,-1,77,31.665,35.124,37,1.65520896362519,0.0586010307426412
322,1,34,49,il_18150,0,-1,-1,-1,121,31.793,34.804,34,1.65520896362519,0.0586010307426412
323,1,34,63,il_18150,0,-1,-1,-1,218,31.773,35.296,64,1.65520896362519,0.0586010307426412
324,1,34,79,il_18150,0,-1,-1,-1,248,31.7806,35.2217,33,1.65520896362519,0.0586010307426412
325,1,34,80,il_18150,0,-1,-1,-1,249,31.7704,35.1973,31,1.65520896362519,0.0586010307426412
326,1,34,85,il_18150,0,-1,-1,-1,259,31.834,34.961,2,1.65520896362519,0.0586010307426412
327,1,34,93,il_18150,0,-1,-1,-1,278,31.9449,35.1499,3,1.65520896362519,0.0586010307426412
328,1,34,95,il_18150,0,-1,-1,-1,280,31.774,35.2961,64,1.65520896362519,0.0586010307426412
329,1,34,96,il_18150,0,-1,-1,-1,281,31.7878,35.1258,33,1.65520896362519,0.0586010307426412
330,1,34,97,il_18150,0,-1,-1,-1,282,31.8341,34.9616,2,1.65520896362519,0.0586010307426412
331,1,34,98,il_18150,0,-1,-1,-1,283,31.791,34.805,34,1.65520896362519,0.0586010307426412
332,1,34,99,il_18150,0,-1,-1,-1,284,31.8166,34.7244,34,1.65520896362519,0.0586010307426412
333,1,34,101,il_18150,0,-1,-1,-1,286,31.6644,35.1233,37,1.65520896362519,0.0586010307426412
334,1,34,102,il_18150,0,-1,-1,-1,287,31.6898,34.9744,37,1.65520896362519,0.0586010307426412
335,1,34,103,il_18150,0,-1,-1,-1,288,31.7248,34.9762,33,1.65520896362519,0.0586010307426412
336,1,35,36,il_18178,0,-1,-1,-1,74,31.816,34.7,37,0.374332809596278,0.00614054287390423
337,1,35,49,il_18178,0,-1,-1,-1,121,31.793,34.804,34,0.374332809596278,0.00614054287390423
338,1,35,85,il_18178,0,-1,-1,-1,259,31.834,34.961,2,0.374332809596278,0.00614054287390423
339,1,35,97,il_18178,0,-1,-1,-1,282,31.8341,34.9616,2,0.374332809596278,0.00614054287390423
340,1,35,98,il_18178,0,-1,-1,-1,283,31.791,34.805,34,0.374332809596278,0.00614054287390423
341,1,35,99,il_18178,0,-1,-1,-1,284,31.8166,34.7244,34,0.374332809596278,0.00614054287390423
342,1,36,10,il_18180,0,-1,-1,-1,22,31.771,35.197,31,1.65520896362519,0.0586010307426412
343,1,36,11,il_18180,0,-1,-1,-1,23,31.781,35.222,33,1.65520896362519,0.0586010307426412
344,1,36,12,il_18180,0,-1,-1,-1,24,31.933,35.15,3,1.65520896362519,0.0586010307426412
345,1,36,13,il_18180,0,-1,-1,-1,25,31.683,34.983,37,1.65520896362519,0.0586010307426412
346,1,36,36,il_18180,0,-1,-1,-1,74,31.816,34.7,37,1.65520896362519,0.0586010307426412
347,1,36,37,il_18180,0,-1,-1,-1,75,31.716,34.966,33,1.65520896362519,0.0586010307426412
348,1,36,38,il_18180,0,-1,-1,-1,77,31.665,35.124,37,1.65520896362519,0.0586010307426412
349,1,36,49,il_18180,0,-1,-1,-1,121,31.793,34.804,34,1.65520896362519,0.0586010307426412
350,1,36,63,il_18180,0,-1,-1,-1,218,31.773,35.296,64,1.65520896362519,0.0586010307426412
351,1,36,79,il_18180,0,-1,-1,-1,248,31.7806,35.2217,33,1.65520896362519,0.0586010307426412
352,1,36,80,il_18180,0,-1,-1,-1,249,31.7704,35.1973,31,1.65520896362519,0.0586010307426412
353,1,36,85,il_18180,0,-1,-1,-1,259,31.834,34.961,2,1.65520896362519,0.0586010307426412
354,1,36,93,il_18180,0,-1,-1,-1,278,31.9449,35.1499,3,1.65520896362519,0.0586010307426412
355,1,36,95,il_18180,0,-1,-1,-1,280,31.774,35.2961,64,1.65520896362519,0.0586010307426412
356,1,36,96,il_18180,0,-1,-1,-1,281,31.7878,35.1258,33,1.65520896362519,0.0586010307426412
357,1,36,97,il_18180,0,-1,-1,-1,282,31.8341,34.9616,2,1.65520896362519,0.0586010307426412
358,1,36,98,il_18180,0,-1,-1,-1,283,31.791,34.805,34,1.65520896362519,0.0586010307426412
359,1,36,99,il_18180,0,-1,-1,-1,284,31.8166,34.7244,34,1.65520896362519,0.0586010307426412
360,1,36,101,il_18180,0,-1,-1,-1,286,31.6644,35.1233,37,1.65520896362519,0.0586010307426412
361,1,36,102,il_18180,0,-1,-1,-1,287,31.6898,34.9744,37,1.65520896362519,0.0586010307426412
362,1,36,103,il_18180,0,-1,-1,-1,288,31.7248,34.9762,33,1.65520896362519,0.0586010307426412
363,1,37,10,il_19180,0,-1,-1,-1,22,31.771,35.197,31,1.73029430550457,0.0942934761374914
364,1,37,13,il_19180,0,-1,-1,-1,25,31.683,34.983,37,1.73029430550457,0.0942934761374914
365,1,37,36,il_19180,0,-1,-1,-1,74,31.816,34.7,37,1.73029430550457,0.0942934761374914
366,1,37,37,il_19180,0,-1,-1,-1,75,31.716,34.966,33,1.73029430550457,0.0942934761374914
367,1,37,38,il_19180,0,-1,-1,-1,77,31.665,35.124,37,1.73029430550457,0.0942934761374914
368,1,37,41,il_19180,0,-1,-1,-1,82,31.658,34.681,37,1.73029430550457,0.0942934761374914
369,1,37,49,il_19180,0,-1,-1,-1,121,31.793,34.804,34,1.73029430550457,0.0942934761374914
370,1,37,51,il_19180,0,-1,-1,-1,124,31.835,34.638,37,1.73029430550457,0.0942934761374914
371,1,37,54,il_19180,0,-1,-1,-1,188,31.47,35.07,38,1.73029430550457,0.0942934761374914
372,1,37,69,il_19180,0,-1,-1,-1,236,31.616,34.783,37,1.73029430550457,0.0942934761374914
373,1,37,74,il_19180,0,-1,-1,-1,243,31.8342,34.6377,37,1.73029430550457,0.0942934761374914
374,1,37,80,il_19180,0,-1,-1,-1,249,31.7704,35.1973,31,1.73029430550457,0.0942934761374914
375,1,37,83,il_19180,0,-1,-1,-1,252,31.6585,34.6798,37,1.73029430550457,0.0942934761374914
376,1,37,90,il_19180,0,-1,-1,-1,274,31.733,34.635,37,1.73029430550457,0.0942934761374914
377,1,37,96,il_19180,0,-1,-1,-1,281,31.7878,35.1258,33,1.73029430550457,0.0942934761374914
378,1,37,98,il_19180,0,-1,-1,-1,283,31.791,34.805,34,1.73029430550457,0.0942934761374914
379,1,37,99,il_19180,0,-1,-1,-1,284,31.8166,34.7244,34,1.73029430550457,0.0942934761374914
380,1,37,100,il_19180,0,-1,-1,-1,285,31.6303,34.7913,37,1.73029430550457,0.0942934761374914
381,1,37,101,il_19180,0,-1,-1,-1,286,31.6644,35.1233,37,1.73029430550457,0.0942934761374914
382,1,37,102,il_19180,0,-1,-1,-1,287,31.6898,34.9744,37,1.73029430550457,0.0942934761374914
383,1,37,103,il_19180,0,-1,-1,-1,288,31.7248,34.9762,33,1.73029430550457,0.0942934761374914
384,1,37,144,il_19180,0,-1,-1,-1,336,31.7319,34.6348,37,1.73029430550457,0.0942934761374914
385,1,38,15,il_23137,0,-1,-1,-1,28,31.35,35.049,38,2.24264293504357,0.116793792217981
386,1,38,16,il_23137,0,-1,-1,-1,29,31.251,35.186,38,2.24264293504357,0.116793792217981
387,1,38,30,il_23137,0,-1,-1,-1,59,31.333,34.783,48,2.24264293504357,0.116793792217981
388,1,38,47,il_23137,0,-1,-1,-1,112,31.066,34.849,47,2.24264293504357,0.116793792217981
389,1,38,54,il_23137,0,-1,-1,-1,188,31.47,35.07,38,2.24264293504357,0.116793792217981
390,1,38,71,il_23137,0,-1,-1,-1,240,31.25,35.1855,38,2.24264293504357,0.116793792217981
391,1,38,107,il_23137,0,-1,-1,-1,292,31.3568,35.0662,38,2.24264293504357,0.116793792217981
392,1,38,108,il_23137,0,-1,-1,-1,293,31.2515,34.7995,38,2.24264293504357,0.116793792217981
393,1,38,109,il_23137,0,-1,-1,-1,294,31.0708,34.8513,47,2.24264293504357,0.116793792217981
394,1,38,151,il_23137,0,-1,-1,-1,349,31.205,34.922,38,2.24264293504357,0.116793792217981
395,1,38,152,il_23137,0,-1,-1,-1,350,31.3,34.87,38,2.24264293504357,0.116793792217981
396,1,38,153,il_23137,0,-1,-1,-1,351,31.3812,34.8729,44,2.24264293504357,0.116793792217981
397,1,38,160,il_23137,0,-1,-1,-1,370,31.205,34.9227,38,2.24264293504357,0.116793792217981
398,1,38,164,il_23137,0,-1,-1,-1,411,31.2642,34.8045,38,2.24264293504357,0.116793792217981
399,1,38,165,il_23137,0,-1,-1,-1,412,31.2642,34.8045,38,2.24264293504357,0.116793792217981
400,1,39,13,il_19130,0,-1,-1,-1,25,31.683,34.983,37,1.10114684790158,0.0190299799691093
401,1,39,37,il_19130,0,-1,-1,-1,75,31.716,34.966,33,1.10114684790158,0.0190299799691093
402,1,39,38,il_19130,0,-1,-1,-1,77,31.665,35.124,37,1.10114684790158,0.0190299799691093
403,1,39,41,il_19130,0,-1,-1,-1,82,31.658,34.681,37,1.10114684790158,0.0190299799691093
404,1,39,54,il_19130,0,-1,-1,-1,188,31.47,35.07,38,1.10114684790158,0.0190299799691093
405,1,39,69,il_19130,0,-1,-1,-1,236,31.616,34.783,37,1.10114684790158,0.0190299799691093
406,1,39,83,il_19130,0,-1,-1,-1,252,31.6585,34.6798,37,1.10114684790158,0.0190299799691093
407,1,39,100,il_19130,0,-1,-1,-1,285,31.6303,34.7913,37,1.10114684790158,0.0190299799691093
408,1,39,101,il_19130,0,-1,-1,-1,286,31.6644,35.1233,37,1.10114684790158,0.0190299799691093
409,1,39,102,il_19130,0,-1,-1,-1,287,31.6898,34.9744,37,1.10114684790158,0.0190299799691093
410,1,40,10,il_19160,0,-1,-1,-1,22,31.771,35.197,31,0.949524765452903,0.0281693980607954
411,1,40,13,il_19160,0,-1,-1,-1,25,31.683,34.983,37,0.949524765452903,0.0281693980607954
412,1,40,37,il_19160,0,-1,-1,-1,75,31.716,34.966,33,0.949524765452903,0.0281693980607954
413,1,40,38,il_19160,0,-1,-1,-1,77,31.665,35.124,37,0.949524765452903,0.0281693980607954
414,1,40,49,il_19160,0,-1,-1,-1,121,31.793,34.804,34,0.949524765452903,0.0281693980607954
415,1,40,69,il_19160,0,-1,-1,-1,236,31.616,34.783,37,0.949524765452903,0.0281693980607954
416,1,40,80,il_19160,0,-1,-1,-1,249,31.7704,35.1973,31,0.949524765452903,0.0281693980607954
417,1,40,96,il_19160,0,-1,-1,-1,281,31.7878,35.1258,33,0.949524765452903,0.0281693980607954
418,1,40,98,il_19160,0,-1,-1,-1,283,31.791,34.805,34,0.949524765452903,0.0281693980607954
419,1,40,100,il_19160,0,-1,-1,-1,285,31.6303,34.7913,37,0.949524765452903,0.0281693980607954
420,1,40,101,il_19160,0,-1,-1,-1,286,31.6644,35.1233,37,0.949524765452903,0.0281693980607954
421,1,40,102,il_19160,0,-1,-1,-1,287,31.6898,34.9744,37,0.949524765452903,0.0281693980607954
422,1,40,103,il_19160,0,-1,-1,-1,288,31.7248,34.9762,33,0.949524765452903,0.0281693980607954
423,1,41,10,il_19178,0,-1,-1,-1,22,31.771,35.197,31,1.35588392609692,0.0411113806526041
424,1,41,13,il_19178,0,-1,-1,-1,25,31.683,34.983,37,1.35588392609692,0.0411113806526041
425,1,41,36,il_19178,0,-1,-1,-1,74,31.816,34.7,37,1.35588392609692,0.0411113806526041
426,1,41,37,il_19178,0,-1,-1,-1,75,31.716,34.966,33,1.35588392609692,0.0411113806526041
427,1,41,38,il_19178,0,-1,-1,-1,77,31.665,35.124,37,1.35588392609692,0.0411113806526041
428,1,41,49,il_19178,0,-1,-1,-1,121,31.793,34.804,34,1.35588392609692,0.0411113806526041
429,1,41,51,il_19178,0,-1,-1,-1,124,31.835,34.638,37,1.35588392609692,0.0411113806526041
430,1,41,69,il_19178,0,-1,-1,-1,236,31.616,34.783,37,1.35588392609692,0.0411113806526041
431,1,41,74,il_19178,0,-1,-1,-1,243,31.8342,34.6377,37,1.35588392609692,0.0411113806526041
432,1,41,80,il_19178,0,-1,-1,-1,249,31.7704,35.1973,31,1.35588392609692,0.0411113806526041
433,1,41,90,il_19178,0,-1,-1,-1,274,31.733,34.635,37,1.35588392609692,0.0411113806526041
434,1,41,96,il_19178,0,-1,-1,-1,281,31.7878,35.1258,33,1.35588392609692,0.0411113806526041
435,1,41,98,il_19178,0,-1,-1,-1,283,31.791,34.805,34,1.35588392609692,0.0411113806526041
436,1,41,99,il_19178,0,-1,-1,-1,284,31.8166,34.7244,34,1.35588392609692,0.0411113806526041
437,1,41,100,il_19178,0,-1,-1,-1,285,31.6303,34.7913,37,1.35588392609692,0.0411113806526041
438,1,41,101,il_19178,0,-1,-1,-1,286,31.6644,35.1233,37,1.35588392609692,0.0411113806526041
439,1,41,102,il_19178,0,-1,-1,-1,287,31.6898,34.9744,37,1.35588392609692,0.0411113806526041
440,1,41,103,il_19178,0,-1,-1,-1,288,31.7248,34.9762,33,1.35588392609692,0.0411113806526041
441,1,41,144,il_19178,0,-1,-1,-1,336,31.7319,34.6348,37,1.35588392609692,0.0411113806526041
442,1,42,31,il_2105,0,-1,-1,-1,62,32.982,35.507,23,0.857376855847678,0.0125444892116652
443,1,42,35,il_2105,0,-1,-1,-1,73,33.066,35.217,42,0.857376855847678,0.0125444892116652
444,1,42,44,il_2105,0,-1,-1,-1,99,32.863,35.374,89,0.857376855847678,0.0125444892116652
445,1,42,45,il_2105,0,-1,-1,-1,106,33.081,35.107,42,0.857376855847678,0.0125444892116652
446,1,42,56,il_2105,0,-1,-1,-1,205,32.883,35.299,89,0.857376855847678,0.0125444892116652
447,1,42,70,il_2105,0,-1,-1,-1,239,33.0653,35.2173,42,0.857376855847678,0.0125444892116652
448,1,42,87,il_2105,0,-1,-1,-1,269,32.956,35.328,42,0.857376855847678,0.0125444892116652
449,1,42,113,il_2105,0,-1,-1,-1,298,32.956,35.3287,42,0.857376855847678,0.0125444892116652
450,1,42,133,il_2105,0,-1,-1,-1,319,32.8621,35.3741,89,0.857376855847678,0.0125444892116652
451,1,42,134,il_2105,0,-1,-1,-1,320,33.0806,35.1079,42,0.857376855847678,0.0125444892116652
452,1,42,138,il_2105,0,-1,-1,-1,325,32.8844,35.3015,89,0.857376855847678,0.0125444892116652
453,1,42,146,il_2105,0,-1,-1,-1,343,32.98,35.09,68,0.857376855847678,0.0125444892116652
454,1,42,148,il_2105,0,-1,-1,-1,345,32.9836,35.0923,68,0.857376855847678,0.0125444892116652
455,1,43,30,il_21105,0,-1,-1,-1,59,31.333,34.783,48,0.347802153634117,0.00408444907031499
456,1,43,153,il_21105,0,-1,-1,-1,351,31.3812,34.8729,44,0.347802153634117,0.00408444907031499
457,1,44,54,il_21120,0,-1,-1,-1,188,31.47,35.07,38,0.783043846717192,0.0197523122675695
458,1,44,69,il_21120,0,-1,-1,-1,236,31.616,34.783,37,0.783043846717192,0.0197523122675695
459,1,44,152,il_21120,0,-1,-1,-1,350,31.3,34.87,38,0.783043846717192,0.0197523122675695
460,1,44,153,il_21120,0,-1,-1,-1,351,31.3812,34.8729,44,0.783043846717192,0.0197523122675695
461,1,45,30,il_21130,0,-1,-1,-1,59,31.333,34.783,48,1.13248766274228,0.0356889366018282
462,1,45,40,il_21130,0,-1,-1,-1,79,31.5,34.633,45,1.13248766274228,0.0356889366018282
463,1,45,54,il_21130,0,-1,-1,-1,188,31.47,35.07,38,1.13248766274228,0.0356889366018282
464,1,45,69,il_21130,0,-1,-1,-1,236,31.616,34.783,37,1.13248766274228,0.0356889366018282
465,1,45,76,il_21130,0,-1,-1,-1,245,31.5036,34.648,45,1.13248766274228,0.0356889366018282
466,1,45,100,il_21130,0,-1,-1,-1,285,31.6303,34.7913,37,1.13248766274228,0.0356889366018282
467,1,45,152,il_21130,0,-1,-1,-1,350,31.3,34.87,38,1.13248766274228,0.0356889366018282
468,1,45,153,il_21130,0,-1,-1,-1,351,31.3812,34.8729,44,1.13248766274228,0.0356889366018282
469,1,46,47,il_23134,0,-1,-1,-1,112,31.066,34.849,47,0.476666541775738,0.00900363584230798
470,1,46,108,il_23134,0,-1,-1,-1,293,31.2515,34.7995,38,0.476666541775738,0.00900363584230798
471,1,46,109,il_23134,0,-1,-1,-1,294,31.0708,34.8513,47,0.476666541775738,0.00900363584230798
472,1,46,151,il_23134,0,-1,-1,-1,349,31.205,34.922,38,0.476666541775738,0.00900363584230798
473,1,46,152,il_23134,0,-1,-1,-1,350,31.3,34.87,38,0.476666541775738,0.00900363584230798
474,1,46,160,il_23134,0,-1,-1,-1,370,31.205,34.9227,38,0.476666541775738,0.00900363584230798
475,1,46,164,il_23134,0,-1,-1,-1,411,31.2642,34.8045,38,0.476666541775738,0.00900363584230798
476,1,46,165,il_23134,0,-1,-1,-1,412,31.2642,34.8045,38,0.476666541775738,0.00900363584230798
477,1,47,15,il_23150,0,-1,-1,-1,28,31.35,35.049,38,3.69456447457448,0.24468103275454
478,1,47,16,il_23150,0,-1,-1,-1,29,31.251,35.186,38,3.69456447457448,0.24468103275454
479,1,47,29,il_23150,0,-1,-1,-1,58,31.273,34.389,47,3.69456447457448,0.24468103275454
480,1,47,30,il_23150,0,-1,-1,-1,59,31.333,34.783,48,3.69456447457448,0.24468103275454
481,1,47,43,il_23150,0,-1,-1,-1,98,30.871,34.796,47,3.69456447457448,0.24468103275454
482,1,47,47,il_23150,0,-1,-1,-1,112,31.066,34.849,47,3.69456447457448,0.24468103275454
483,1,47,54,il_23150,0,-1,-1,-1,188,31.47,35.07,38,3.69456447457448,0.24468103275454
484,1,47,71,il_23150,0,-1,-1,-1,240,31.25,35.1855,38,3.69456447457448,0.24468103275454
485,1,47,75,il_23150,0,-1,-1,-1,244,31.2716,34.3894,47,3.69456447457448,0.24468103275454
486,1,47,82,il_23150,0,-1,-1,-1,251,30.8702,34.795,47,3.69456447457448,0.24468103275454
487,1,47,89,il_23150,0,-1,-1,-1,271,30.8,34.77,70,3.69456447457448,0.24468103275454
488,1,47,107,il_23150,0,-1,-1,-1,292,31.3568,35.0662,38,3.69456447457448,0.24468103275454
489,1,47,108,il_23150,0,-1,-1,-1,293,31.2515,34.7995,38,3.69456447457448,0.24468103275454
490,1,47,109,il_23150,0,-1,-1,-1,294,31.0708,34.8513,47,3.69456447457448,0.24468103275454
491,1,47,143,il_23150,0,-1,-1,-1,335,30.7877,34.7712,70,3.69456447457448,0.24468103275454
492,1,47,151,il_23150,0,-1,-1,-1,349,31.205,34.922,38,3.69456447457448,0.24468103275454
493,1,47,152,il_23150,0,-1,-1,-1,350,31.3,34.87,38,3.69456447457448,0.24468103275454
494,1,47,153,il_23150,0,-1,-1,-1,351,31.3812,34.8729,44,3.69456447457448,0.24468103275454
495,1,47,160,il_23150,0,-1,-1,-1,370,31.205,34.9227,38,3.69456447457448,0.24468103275454
496,1,47,163,il_23150,0,-1,-1,-1,381,30.98,34.7,47,3.69456447457448,0.24468103275454
497,1,47,164,il_23150,0,-1,-1,-1,411,31.2642,34.8045,38,3.69456447457448,0.24468103275454
498,1,47,165,il_23150,0,-1,-1,-1,412,31.2642,34.8045,38,3.69456447457448,0.24468103275454
499,1,47,167,il_23150,0,-1,-1,-1,480,30.9831,34.7078,47,3.69456447457448,0.24468103275454
500,1,48,30,il_23160,0,-1,-1,-1,59,31.333,34.783,48,1.30962816415106,0.0662058184895461
501,1,48,40,il_23160,0,-1,-1,-1,79,31.5,34.633,45,1.30962816415106,0.0662058184895461
502,1,48,76,il_23160,0,-1,-1,-1,245,31.5036,34.648,45,1.30962816415106,0.0662058184895461
503,1,48,108,il_23160,0,-1,-1,-1,293,31.2515,34.7995,38,1.30962816415106,0.0662058184895461
504,1,48,152,il_23160,0,-1,-1,-1,350,31.3,34.87,38,1.30962816415106,0.0662058184895461
505,1,48,153,il_23160,0,-1,-1,-1,351,31.3812,34.8729,44,1.30962816415106,0.0662058184895461
506,1,48,164,il_23160,0,-1,-1,-1,411,31.2642,34.8045,38,1.30962816415106,0.0662058184895461
507,1,48,165,il_23160,0,-1,-1,-1,412,31.2642,34.8045,38,1.30962816415106,0.0662058184895461
508,1,49,43,il_25191,0,-1,-1,-1,98,30.871,34.796,47,0.73067778577877,0.0195591296926824
509,1,49,82,il_25191,0,-1,-1,-1,251,30.8702,34.795,47,0.73067778577877,0.0195591296926824
510,1,49,89,il_25191,0,-1,-1,-1,271,30.8,34.77,70,0.73067778577877,0.0195591296926824
511,1,49,143,il_25191,0,-1,-1,-1,335,30.7877,34.7712,70,0.73067778577877,0.0195591296926824
512,1,49,163,il_25191,0,-1,-1,-1,381,30.98,34.7,47,0.73067778577877,0.0195591296926824
513,1,49,167,il_25191,0,-1,-1,-1,480,30.9831,34.7078,47,0.73067778577877,0.0195591296926824
514,1,50,150,il_30118,0,-1,-1,-1,348,33.23,35.6,22,0.391166585606184,0.0042346300873195
515,1,50,154,il_30118,0,-1,-1,-1,352,33.23,35.6,22,0.391166585606184,0.0042346300873195
516,1,50,168,il_30118,0,-1,-1,-1,498,33.2277,35.635,22,0.391166585606184,0.0042346300873195
517,1,50,169,il_30118,0,-1,-1,-1,499,33.2277,35.635,22,0.391166585606184,0.0042346300873195
518,1,51,55,il_30120,0,-1,-1,-1,202,33.173,35.613,22,1.43411652278833,0.0589973839806537
519,1,51,72,il_30120,0,-1,-1,-1,241,33.241,35.57,22,1.43411652278833,0.0589973839806537
520,1,51,137,il_30120,0,-1,-1,-1,324,33.1716,35.6133,22,1.43411652278833,0.0589973839806537
521,1,51,149,il_30120,0,-1,-1,-1,346,33.2404,35.5696,22,1.43411652278833,0.0589973839806537
522,1,51,150,il_30120,0,-1,-1,-1,348,33.23,35.6,22,1.43411652278833,0.0589973839806537
523,1,51,154,il_30120,0,-1,-1,-1,352,33.23,35.6,22,1.43411652278833,0.0589973839806537
524,1,51,168,il_30120,0,-1,-1,-1,498,33.2277,35.635,22,1.43411652278833,0.0589973839806537
525,1,51,169,il_30120,0,-1,-1,-1,499,33.2277,35.635,22,1.43411652278833,0.0589973839806537
526,1,52,55,il_30122,0,-1,-1,-1,202,33.173,35.613,22,1.4503478167309,0.0593972114412956
527,1,52,72,il_30122,0,-1,-1,-1,241,33.241,35.57,22,1.4503478167309,0.0593972114412956
528,1,52,137,il_30122,0,-1,-1,-1,324,33.1716,35.6133,22,1.4503478167309,0.0593972114412956
529,1,52,149,il_30122,0,-1,-1,-1,346,33.2404,35.5696,22,1.4503478167309,0.0593972114412956
530,1,52,150,il_30122,0,-1,-1,-1,348,33.23,35.6,22,1.4503478167309,0.0593972114412956
531,1,52,154,il_30122,0,-1,-1,-1,352,33.23,35.6,22,1.4503478167309,0.0593972114412956
532,1,52,168,il_30122,0,-1,-1,-1,498,33.2277,35.635,22,1.4503478167309,0.0593972114412956
533,1,52,169,il_30122,0,-1,-1,-1,499,33.2277,35.635,22,1.4503478167309,0.0593972114412956
534,0,53,-1,il_30124,0,-1,-1,-1,,,,,0.251513667345865,0.00229308102382489
535,1,54,4,il_30125,0,-1,-1,-1,10,33.133,35.783,30,0.600878557536739,0.0127164582449531
536,1,54,55,il_30125,0,-1,-1,-1,202,33.173,35.613,22,0.600878557536739,0.0127164582449531
537,1,54,72,il_30125,0,-1,-1,-1,241,33.241,35.57,22,0.600878557536739,0.0127164582449531
538,1,54,118,il_30125,0,-1,-1,-1,303,33.1288,35.8045,30,0.600878557536739,0.0127164582449531
539,1,54,137,il_30125,0,-1,-1,-1,324,33.1716,35.6133,22,0.600878557536739,0.0127164582449531
540,1,54,149,il_30125,0,-1,-1,-1,346,33.2404,35.5696,22,0.600878557536739,0.0127164582449531
541,1,54,150,il_30125,0,-1,-1,-1,348,33.23,35.6,22,0.600878557536739,0.0127164582449531
542,1,54,154,il_30125,0,-1,-1,-1,352,33.23,35.6,22,0.600878557536739,0.0127164582449531
543,1,54,168,il_30125,0,-1,-1,-1,498,33.2277,35.635,22,0.600878557536739,0.0127164582449531
544,1,54,169,il_30125,0,-1,-1,-1,499,33.2277,35.635,22,0.600878557536739,0.0127164582449531
545,1,55,4,il_30128,0,-1,-1,-1,10,33.133,35.783,30,0.627942779928015,0.0145289772247406
546,1,55,55,il_30128,0,-1,-1,-1,202,33.173,35.613,22,0.627942779928015,0.0145289772247406
547,1,55,72,il_30128,0,-1,-1,-1,241,33.241,35.57,22,0.627942779928015,0.0145289772247406
548,1,55,118,il_30128,0,-1,-1,-1,303,33.1288,35.8045,30,0.627942779928015,0.0145289772247406
549,1,55,137,il_30128,0,-1,-1,-1,324,33.1716,35.6133,22,0.627942779928015,0.0145289772247406
550,1,55,149,il_30128,0,-1,-1,-1,346,33.2404,35.5696,22,0.627942779928015,0.0145289772247406
551,1,55,150,il_30128,0,-1,-1,-1,348,33.23,35.6,22,0.627942779928015,0.0145289772247406
552,1,55,154,il_30128,0,-1,-1,-1,352,33.23,35.6,22,0.627942779928015,0.0145289772247406
553,1,55,168,il_30128,0,-1,-1,-1,498,33.2277,35.635,22,0.627942779928015,0.0145289772247406
554,1,55,169,il_30128,0,-1,-1,-1,499,33.2277,35.635,22,0.627942779928015,0.0145289772247406
555,1,56,55,il_30131,0,-1,-1,-1,202,33.173,35.613,22,0.213484850256313,0.00219442495495813
556,1,56,72,il_30131,0,-1,-1,-1,241,33.241,35.57,22,0.213484850256313,0.00219442495495813
557,1,56,137,il_30131,0,-1,-1,-1,324,33.1716,35.6133,22,0.213484850256313,0.00219442495495813
558,1,56,149,il_30131,0,-1,-1,-1,346,33.2404,35.5696,22,0.213484850256313,0.00219442495495813
559,1,56,150,il_30131,0,-1,-1,-1,348,33.23,35.6,22,0.213484850256313,0.00219442495495813
560,1,56,154,il_30131,0,-1,-1,-1,352,33.23,35.6,22,0.213484850256313,0.00219442495495813
561,1,56,168,il_30131,0,-1,-1,-1,498,33.2277,35.635,22,0.213484850256313,0.00219442495495813
562,1,56,169,il_30131,0,-1,-1,-1,499,33.2277,35.635,22,0.213484850256313,0.00219442495495813
563,1,57,4,il_30136,0,-1,-1,-1,10,33.133,35.783,30,1.72103793722385,0.0832963684179507
564,1,57,55,il_30136,0,-1,-1,-1,202,33.173,35.613,22,1.72103793722385,0.0832963684179507
565,1,57,72,il_30136,0,-1,-1,-1,241,33.241,35.57,22,1.72103793722385,0.0832963684179507
566,1,57,118,il_30136,0,-1,-1,-1,303,33.1288,35.8045,30,1.72103793722385,0.0832963684179507
567,1,57,137,il_30136,0,-1,-1,-1,324,33.1716,35.6133,22,1.72103793722385,0.0832963684179507
568,1,57,149,il_30136,0,-1,-1,-1,346,33.2404,35.5696,22,1.72103793722385,0.0832963684179507
569,1,57,150,il_30136,0,-1,-1,-1,348,33.23,35.6,22,1.72103793722385,0.0832963684179507
570,1,57,154,il_30136,0,-1,-1,-1,352,33.23,35.6,22,1.72103793722385,0.0832963684179507
571,1,57,168,il_30136,0,-1,-1,-1,498,33.2277,35.635,22,1.72103793722385,0.0832963684179507
572,1,57,169,il_30136,0,-1,-1,-1,499,33.2277,35.635,22,1.72103793722385,0.0832963684179507
573,1,58,43,il_23105,0,-1,-1,-1,98,30.871,34.796,47,0.849464611874055,0.0160918645909614
574,1,58,82,il_23105,0,-1,-1,-1,251,30.8702,34.795,47,0.849464611874055,0.0160918645909614
575,1,58,89,il_23105,0,-1,-1,-1,271,30.8,34.77,70,0.849464611874055,0.0160918645909614
576,1,58,143,il_23105,0,-1,-1,-1,335,30.7877,34.7712,70,0.849464611874055,0.0160918645909614
577,1,58,163,il_23105,0,-1,-1,-1,381,30.98,34.7,47,0.849464611874055,0.0160918645909614
578,1,58,167,il_23105,0,-1,-1,-1,480,30.9831,34.7078,47,0.849464611874055,0.0160918645909614
579,1,59,43,il_23103,0,-1,-1,-1,98,30.871,34.796,47,0.232345137165936,0.00160593491578522
580,1,59,82,il_23103,0,-1,-1,-1,251,30.8702,34.795,47,0.232345137165936,0.00160593491578522
581,1,60,110,il_59185,0,-1,-1,-1,295,30.7787,35.2389,82,0.713084616958574,0.0109039007367169
582,0,61,-1,il_57160,0,-1,-1,-1,,,,,0.835681482805819,0.0149973554845789
583,1,62,6,il_38175,0,-1,-1,-1,13,32.7,35.4,93,0.694271838603857,0.0174259991690385
584,1,62,7,il_38175,0,-1,-1,-1,16,32.597,35.278,92,0.694271838603857,0.0174259991690385
585,1,62,57,il_38175,0,-1,-1,-1,206,32.47,35.489,62,0.694271838603857,0.0174259991690385
586,1,62,64,il_38175,0,-1,-1,-1,224,32.481,35.415,92,0.694271838603857,0.0174259991690385
587,1,62,84,il_38175,0,-1,-1,-1,257,32.545,35.394,62,0.694271838603857,0.0174259991690385
588,1,62,120,il_38175,0,-1,-1,-1,305,32.7053,35.4069,93,0.694271838603857,0.0174259991690385
589,1,62,121,il_38175,0,-1,-1,-1,306,32.596,35.2769,92,0.694271838603857,0.0174259991690385
590,1,62,122,il_38175,0,-1,-1,-1,307,32.4679,35.4888,62,0.694271838603857,0.0174259991690385
591,1,62,140,il_38175,0,-1,-1,-1,328,32.481,35.415,92,0.694271838603857,0.0174259991690385
592,1,62,158,il_38175,0,-1,-1,-1,366,32.44,35.51,62,0.694271838603857,0.0174259991690385
593,1,62,159,il_38175,0,-1,-1,-1,367,32.439,35.5106,62,0.694271838603857,0.0174259991690385
594,1,62,162,il_38175,0,-1,-1,-1,380,32.5462,35.3945,62,0.694271838603857,0.0174259991690385
595,1,62,166,il_38175,0,-1,-1,-1,443,32.5462,35.3945,62,0.694271838603857,0.0174259991690385
596,1,63,35,il_4110,0,-1,-1,-1,73,33.066,35.217,42,0.371389901121282,0.00361076443935581
597,1,63,45,il_4110,0,-1,-1,-1,106,33.081,35.107,42,0.371389901121282,0.00361076443935581
598,1,63,70,il_4110,0,-1,-1,-1,239,33.0653,35.2173,42,0.371389901121282,0.00361076443935581
599,1,63,87,il_4110,0,-1,-1,-1,269,32.956,35.328,42,0.371389901121282,0.00361076443935581
600,1,63,113,il_4110,0,-1,-1,-1,298,32.956,35.3287,42,0.371389901121282,0.00361076443935581
601,1,63,134,il_4110,0,-1,-1,-1,320,33.0806,35.1079,42,0.371389901121282,0.00361076443935581
602,1,63,146,il_4110,0,-1,-1,-1,343,32.98,35.09,68,0.371389901121282,0.00361076443935581
603,1,63,148,il_4110,0,-1,-1,-1,345,32.9836,35.0923,68,0.371389901121282,0.00361076443935581
604,1,64,10,il_48125,0,-1,-1,-1,22,31.771,35.197,31,0.579033892998687,0.00713601813213851
605,1,64,11,il_48125,0,-1,-1,-1,23,31.781,35.222,33,0.579033892998687,0.00713601813213851
606,1,64,38,il_48125,0,-1,-1,-1,77,31.665,35.124,37,0.579033892998687,0.00713601813213851
607,1,64,60,il_48125,0,-1,-1,-1,210,31.583,35.383,64,0.579033892998687,0.00713601813213851
608,1,64,63,il_48125,0,-1,-1,-1,218,31.773,35.296,64,0.579033892998687,0.00713601813213851
609,1,64,79,il_48125,0,-1,-1,-1,248,31.7806,35.2217,33,0.579033892998687,0.00713601813213851
610,1,64,80,il_48125,0,-1,-1,-1,249,31.7704,35.1973,31,0.579033892998687,0.00713601813213851
611,1,64,95,il_48125,0,-1,-1,-1,280,31.774,35.2961,64,0.579033892998687,0.00713601813213851
612,1,64,101,il_48125,0,-1,-1,-1,286,31.6644,35.1233,37,0.579033892998687,0.00713601813213851
613,1,64,104,il_48125,0,-1,-1,-1,289,31.5881,35.3916,64,0.579033892998687,0.00713601813213851
614,1,65,10,il_48130,0,-1,-1,-1,22,31.771,35.197,31,0.673784076500425,0.0131992803570267
615,1,65,11,il_48130,0,-1,-1,-1,23,31.781,35.222,33,0.673784076500425,0.0131992803570267
616,1,65,38,il_48130,0,-1,-1,-1,77,31.665,35.124,37,0.673784076500425,0.0131992803570267
617,1,65,60,il_48130,0,-1,-1,-1,210,31.583,35.383,64,0.673784076500425,0.0131992803570267
618,1,65,79,il_48130,0,-1,-1,-1,248,31.7806,35.2217,33,0.673784076500425,0.0131992803570267
619,1,65,80,il_48130,0,-1,-1,-1,249,31.7704,35.1973,31,0.673784076500425,0.0131992803570267
620,1,65,101,il_48130,0,-1,-1,-1,286,31.6644,35.1233,37,0.673784076500425,0.0131992803570267
621,1,65,104,il_48130,0,-1,-1,-1,289,31.5881,35.3916,64,0.673784076500425,0.0131992803570267
622,1,66,16,il_48185,0,-1,-1,-1,29,31.251,35.186,38,0.429772059992104,0.0071387901822691
623,1,66,71,il_48185,0,-1,-1,-1,240,31.25,35.1855,38,0.429772059992104,0.0071387901822691
624,1,67,16,il_48192,0,-1,-1,-1,29,31.251,35.186,38,1.13865794478013,0.0339240867249629
625,1,67,18,il_48192,0,-1,-1,-1,32,31.152,35.365,67,1.13865794478013,0.0339240867249629
626,1,67,71,il_48192,0,-1,-1,-1,240,31.25,35.1855,38,1.13865794478013,0.0339240867249629
627,1,68,35,il_5110,0,-1,-1,-1,73,33.066,35.217,42,0.569954776829523,0.00676656426978249
628,1,68,45,il_5110,0,-1,-1,-1,106,33.081,35.107,42,0.569954776829523,0.00676656426978249
629,1,68,56,il_5110,0,-1,-1,-1,205,32.883,35.299,89,0.569954776829523,0.00676656426978249
630,1,68,70,il_5110,0,-1,-1,-1,239,33.0653,35.2173,42,0.569954776829523,0.00676656426978249
631,1,68,87,il_5110,0,-1,-1,-1,269,32.956,35.328,42,0.569954776829523,0.00676656426978249
632,1,68,113,il_5110,0,-1,-1,-1,298,32.956,35.3287,42,0.569954776829523,0.00676656426978249
633,1,68,134,il_5110,0,-1,-1,-1,320,33.0806,35.1079,42,0.569954776829523,0.00676656426978249
634,1,68,138,il_5110,0,-1,-1,-1,325,32.8844,35.3015,89,0.569954776829523,0.00676656426978249
635,1,68,146,il_5110,0,-1,-1,-1,343,32.98,35.09,68,0.569954776829523,0.00676656426978249
636,1,68,148,il_5110,0,-1,-1,-1,345,32.9836,35.0923,68,0.569954776829523,0.00676656426978249
637,1,69,86,il_55106,0,-1,-1,-1,265,30.614,34.797,69,0.654619927730521,0.011755838089282
638,1,69,89,il_55106,0,-1,-1,-1,271,30.8,34.77,70,0.654619927730521,0.011755838089282
639,1,69,111,il_55106,0,-1,-1,-1,296,30.6101,34.8046,72,0.654619927730521,0.011755838089282
640,1,69,143,il_55106,0,-1,-1,-1,335,30.7877,34.7712,70,0.654619927730521,0.011755838089282
641,1,69,161,il_55106,0,-1,-1,-1,379,30.6125,34.7967,69,0.654619927730521,0.011755838089282
642,1,70,43,il_55140,0,-1,-1,-1,98,30.871,34.796,47,1.53653150549426,0.0634578852801754
643,1,70,82,il_55140,0,-1,-1,-1,251,30.8702,34.795,47,1.53653150549426,0.0634578852801754
644,1,70,86,il_55140,0,-1,-1,-1,265,30.614,34.797,69,1.53653150549426,0.0634578852801754
645,1,70,89,il_55140,0,-1,-1,-1,271,30.8,34.77,70,1.53653150549426,0.0634578852801754
646,1,70,111,il_55140,0,-1,-1,-1,296,30.6101,34.8046,72,1.53653150549426,0.0634578852801754
647,1,70,143,il_55140,0,-1,-1,-1,335,30.7877,34.7712,70,1.53653150549426,0.0634578852801754
648,1,70,161,il_55140,0,-1,-1,-1,379,30.6125,34.7967,69,1.53653150549426,0.0634578852801754
649,0,71,-1,il_55165,0,-1,-1,-1,,,,,0.399972091619474,0.00572458691071424
650,1,72,86,il_56140,0,-1,-1,-1,265,30.614,34.797,69,0.627686710170289,0.0104254576314083
651,1,72,111,il_56140,0,-1,-1,-1,296,30.6101,34.8046,72,0.627686710170289,0.0104254576314083
652,1,72,161,il_56140,0,-1,-1,-1,379,30.6125,34.7967,69,0.627686710170289,0.0104254576314083
653,1,73,19,il_56150,0,-1,-1,-1,33,30.51,35.14,74,1.4643544835461,0.0667184125220888
654,1,73,86,il_56150,0,-1,-1,-1,265,30.614,34.797,69,1.4643544835461,0.0667184125220888
655,1,73,111,il_56150,0,-1,-1,-1,296,30.6101,34.8046,72,1.4643544835461,0.0667184125220888
656,1,73,161,il_56150,0,-1,-1,-1,379,30.6125,34.7967,69,1.4643544835461,0.0667184125220888
657,1,74,19,il_56164,0,-1,-1,-1,33,30.51,35.14,74,1.7463870951348,0.0898185212870959
658,1,74,86,il_56164,0,-1,-1,-1,265,30.614,34.797,69,1.7463870951348,0.0898185212870959
659,1,74,111,il_56164,0,-1,-1,-1,296,30.6101,34.8046,72,1.7463870951348,0.0898185212870959
660,1,74,161,il_56164,0,-1,-1,-1,379,30.6125,34.7967,69,1.7463870951348,0.0898185212870959
661,0,75,-1,il_57125,0,-1,-1,-1,,,,,0.422385424581506,0.00480494721696269
662,0,76,-1,il_57130,0,-1,-1,-1,,,,,2.9762561631994,0.229933962008656
663,0,77,-1,il_57165,0,-1,-1,-1,,,,,3.95470038805214,0.315188413900771
664,0,78,-1,il_57180,0,-1,-1,-1,,,,,0.828620122540793,0.0155872078806937
665,1,79,20,il_57190,0,-1,-1,-1,35,30.3696,35.15,79,4.17178459083738,0.338975093547349
666,1,79,58,il_57190,0,-1,-1,-1,207,30.367,35.148,79,4.17178459083738,0.338975093547349
667,1,79,112,il_57190,0,-1,-1,-1,297,30.3655,35.1479,79,4.17178459083738,0.338975093547349
668,1,80,21,il_58150,0,-1,-1,-1,36,29.886,35.078,80,1.58021538931492,0.0704604459996604
669,1,80,67,il_58150,0,-1,-1,-1,232,30.048,35.023,81,1.58021538931492,0.0704604459996604
670,1,80,123,il_58150,0,-1,-1,-1,309,29.8851,35.0771,80,1.58021538931492,0.0704604459996604
671,1,80,141,il_58150,0,-1,-1,-1,329,30.048,35.0233,81,1.58021538931492,0.0704604459996604
672,1,81,67,il_58175,0,-1,-1,-1,232,30.048,35.023,81,0.510612546922381,0.00612584894429207
673,1,81,141,il_58175,0,-1,-1,-1,329,30.048,35.0233,81,0.510612546922381,0.00612584894429207
674,1,82,110,il_59195,0,-1,-1,-1,295,30.7787,35.2389,82,0.645567913871807,0.0126014850959405
675,1,83,67,il_60105,0,-1,-1,-1,232,30.048,35.023,81,0.233250793193091,0.00206493804693118
676,1,83,141,il_60105,0,-1,-1,-1,329,30.048,35.0233,81,0.233250793193091,0.00206493804693118
677,1,84,67,il_60110,0,-1,-1,-1,232,30.048,35.023,81,0.272071752553509,0.00218014456323899
678,1,84,141,il_60110,0,-1,-1,-1,329,30.048,35.0233,81,0.272071752553509,0.00218014456323899
679,0,85,-1,il_60140,0,-1,-1,-1,,,,,0.249338530859752,0.00196612407227243
680,0,86,-1,il_60150,0,-1,-1,-1,,,,,0.368548194340488,0.00444579090945139
681,1,87,32,il_60170,0,-1,-1,-1,64,29.553,34.954,88,0.339217772324614,0.00366482603456201
682,1,87,130,il_60170,0,-1,-1,-1,316,29.5526,34.952,88,0.339217772324614,0.00366482603456201
683,1,88,32,il_60190,0,-1,-1,-1,64,29.553,34.954,88,0.223202384733481,0.00137754268295585
684,1,88,130,il_60190,0,-1,-1,-1,316,29.5526,34.952,88,0.223202384733481,0.00137754268295585
685,1,89,39,il_7105,0,-1,-1,-1,78,32.848,35.112,89,0.653232791661648,0.0156959234393969
686,1,89,44,il_7105,0,-1,-1,-1,99,32.863,35.374,89,0.653232791661648,0.0156959234393969
687,1,89,56,il_7105,0,-1,-1,-1,205,32.883,35.299,89,0.653232791661648,0.0156959234393969
688,1,89,87,il_7105,0,-1,-1,-1,269,32.956,35.328,42,0.653232791661648,0.0156959234393969
689,1,89,113,il_7105,0,-1,-1,-1,298,32.956,35.3287,42,0.653232791661648,0.0156959234393969
690,1,89,132,il_7105,0,-1,-1,-1,318,32.8466,35.1123,89,0.653232791661648,0.0156959234393969
691,1,89,133,il_7105,0,-1,-1,-1,319,32.8621,35.3741,89,0.653232791661648,0.0156959234393969
692,1,89,138,il_7105,0,-1,-1,-1,325,32.8844,35.3015,89,0.653232791661648,0.0156959234393969
693,1,90,34,il_8130,0,-1,-1,-1,67,32.633,35.099,90,0.153064404042975,0.00119110345030986
694,1,90,131,il_8130,0,-1,-1,-1,317,32.6028,35.0964,92,0.153064404042975,0.00119110345030986
695,1,91,34,il_8140,0,-1,-1,-1,67,32.633,35.099,90,0.240526791464391,0.00209691283813527
696,1,91,53,il_8140,0,-1,-1,-1,186,32.709,35.179,92,0.240526791464391,0.00209691283813527
697,1,91,131,il_8140,0,-1,-1,-1,317,32.6028,35.0964,92,0.240526791464391,0.00209691283813527
698,1,91,136,il_8140,0,-1,-1,-1,323,32.7078,35.1784,92,0.240526791464391,0.00209691283813527
699,1,92,6,il_8146,0,-1,-1,-1,13,32.7,35.4,93,1.57230148355352,0.0666998864955405
700,1,92,7,il_8146,0,-1,-1,-1,16,32.597,35.278,92,1.57230148355352,0.0666998864955405
701,1,92,23,il_8146,0,-1,-1,-1,42,32.762,35.021,92,1.57230148355352,0.0666998864955405
702,1,92,24,il_8146,0,-1,-1,-1,43,32.766,35.016,92,1.57230148355352,0.0666998864955405
703,1,92,34,il_8146,0,-1,-1,-1,67,32.633,35.099,90,1.57230148355352,0.0666998864955405
704,1,92,53,il_8146,0,-1,-1,-1,186,32.709,35.179,92,1.57230148355352,0.0666998864955405
705,1,92,57,il_8146,0,-1,-1,-1,206,32.47,35.489,62,1.57230148355352,0.0666998864955405
706,1,92,64,il_8146,0,-1,-1,-1,224,32.481,35.415,92,1.57230148355352,0.0666998864955405
707,1,92,84,il_8146,0,-1,-1,-1,257,32.545,35.394,62,1.57230148355352,0.0666998864955405
708,1,92,120,il_8146,0,-1,-1,-1,305,32.7053,35.4069,93,1.57230148355352,0.0666998864955405
709,1,92,121,il_8146,0,-1,-1,-1,306,32.596,35.2769,92,1.57230148355352,0.0666998864955405
710,1,92,122,il_8146,0,-1,-1,-1,307,32.4679,35.4888,62,1.57230148355352,0.0666998864955405
711,1,92,125,il_8146,0,-1,-1,-1,311,32.7611,35.0208,92,1.57230148355352,0.0666998864955405
712,1,92,126,il_8146,0,-1,-1,-1,312,32.7736,35.0223,92,1.57230148355352,0.0666998864955405
713,1,92,131,il_8146,0,-1,-1,-1,317,32.6028,35.0964,92,1.57230148355352,0.0666998864955405
714,1,92,136,il_8146,0,-1,-1,-1,323,32.7078,35.1784,92,1.57230148355352,0.0666998864955405
715,1,92,140,il_8146,0,-1,-1,-1,328,32.481,35.415,92,1.57230148355352,0.0666998864955405
716,1,92,158,il_8146,0,-1,-1,-1,366,32.44,35.51,62,1.57230148355352,0.0666998864955405
717,1,92,159,il_8146,0,-1,-1,-1,367,32.439,35.5106,62,1.57230148355352,0.0666998864955405
718,1,92,162,il_8146,0,-1,-1,-1,380,32.5462,35.3945,62,1.57230148355352,0.0666998864955405
719,1,92,166,il_8146,0,-1,-1,-1,443,32.5462,35.3945,62,1.57230148355352,0.0666998864955405
720,1,93,6,il_8155,0,-1,-1,-1,13,32.7,35.4,93,0.858753036031539,0.023710485746132
721,1,93,39,il_8155,0,-1,-1,-1,78,32.848,35.112,89,0.858753036031539,0.023710485746132
722,1,93,44,il_8155,0,-1,-1,-1,99,32.863,35.374,89,0.858753036031539,0.023710485746132
723,1,93,53,il_8155,0,-1,-1,-1,186,32.709,35.179,92,0.858753036031539,0.023710485746132
724,1,93,56,il_8155,0,-1,-1,-1,205,32.883,35.299,89,0.858753036031539,0.023710485746132
725,1,93,120,il_8155,0,-1,-1,-1,305,32.7053,35.4069,93,0.858753036031539,0.023710485746132
726,1,93,132,il_8155,0,-1,-1,-1,318,32.8466,35.1123,89,0.858753036031539,0.023710485746132
727,1,93,133,il_8155,0,-1,-1,-1,319,32.8621,35.3741,89,0.858753036031539,0.023710485746132
728,1,93,136,il_8155,0,-1,-1,-1,323,32.7078,35.1784,92,0.858753036031539,0.023710485746132
729,1,93,138,il_8155,0,-1,-1,-1,325,32.8844,35.3015,89,0.858753036031539,0.023710485746132
730,1,94,16,il_48188,0,-1,-1,-1,29,31.251,35.186,38,0.292252011977166,0.00203761003551929
731,1,94,18,il_48188,0,-1,-1,-1,32,31.152,35.365,67,0.292252011977166,0.00203761003551929
732,1,94,71,il_48188,0,-1,-1,-1,240,31.25,35.1855,38,0.292252011977166,0.00203761003551929
