il_basin_shape_G_ExportTable.OBJECTID,il_basin_shape_G_ExportTable.IN_FID,il_basin_shape_G_ExportTable.NEAR_FID,il_basin_shape_G_ExportTable.NEAR_DIST,il_basin_shape_G_ExportTable.NEAR_RANK,il_basin_shape_G_ExportTable.FROM_X,il_basin_shape_G_ExportTable.FROM_Y,il_basin_shape_G_ExportTable.NEAR_X,il_basin_shape_G_ExportTable.NEAR_Y,il_basin_shape_G_ExportTable.FID,il_basin_shape_G_ExportTable.gauge_id,IMS_stations_lla_pint.OBJECTID,IMS_stations_lla_pint.stationId,IMS_stations_lla_pint.latitude,IMS_stations_lla_pint.longitude
1,0,8,0,1,35.099,32.1660000000001,35.099,32.1660000000001,0,il_17110,8,20,32.166,35.099
2,0,9,0,1,35.212,32.1060000000001,35.212,32.1060000000001,0,il_17110,9,21,32.106,35.212
3,0,73,0,1,35.2114,32.1056,35.2114,32.1056,0,il_17110,73,242,32.1056,35.2114
4,0,78,0,1,35.0959,32.1752000000001,35.0959,32.1752000000001,0,il_17110,78,247,32.1752,35.0959
5,0,88,0,1,35.0260000000001,32.1270000000001,35.0260000000001,32.1270000000001,0,il_17110,88,270,32.127,35.026
6,0,92,0,1,35.3513,32.1598000000001,35.3513,32.1598000000001,0,il_17110,92,277,32.1598,35.3513
7,0,42,0.00120810754070779,2,35.3490810218807,32.1647946123924,35.349,32.1660000000001,0,il_17110,42,90,32.166,35.349
8,1,73,0.00192594220501532,1,35.2103394912472,32.1039923387912,35.2114,32.1056,1,il_17117,73,242,32.1056,35.2114
9,1,9,0.00259022472186308,2,35.2105737079846,32.1038378355298,35.212,32.1060000000001,1,il_17117,9,21,32.106,35.212
10,1,92,0.0249769941208285,3,35.3432985738292,32.136139327682,35.3513,32.1598000000001,1,il_17117,92,277,32.1598,35.3513
11,1,42,0.0304000988759763,4,35.3432985738292,32.136139327682,35.349,32.1660000000001,1,il_17117,42,90,32.166,35.349
12,1,93,0.0326792186988264,5,35.182541081849,31.946478325218,35.1499000000001,31.9449000000001,1,il_17117,93,278,31.9449,35.1499
13,1,12,0.0352219712478543,6,35.182541081849,31.946478325218,35.15,31.9330000000001,1,il_17117,12,24,31.933,35.15
14,1,88,0.0567961801155511,7,35.0315426016328,32.0704749113857,35.0260000000001,32.1270000000001,1,il_17117,88,270,32.127,35.026
15,1,8,0.0760056655860738,8,35.13731389703,32.1003577384945,35.099,32.1660000000001,1,il_17117,8,20,32.166,35.099
16,1,78,0.0855363956130628,9,35.13731389703,32.1003577384945,35.0959,32.1752000000001,1,il_17117,78,247,32.1752,35.0959
17,2,85,0,1,34.9610000000001,31.8340000000001,34.9610000000001,31.8340000000001,2,il_17144,85,259,31.834,34.961
18,2,97,0,1,34.9616,31.8341,34.9616,31.8341,2,il_17144,97,282,31.8341,34.9616
19,2,96,0.0276436589212627,2,35.1039212642126,31.8046965321561,35.1258,31.7878000000001,2,il_17144,96,281,31.7878,35.1258
20,2,12,0.0577027832222662,3,35.116880803469,31.8857482274118,35.15,31.9330000000001,2,il_17144,12,24,31.933,35.15
21,2,93,0.0677436309913676,4,35.116880803469,31.8857482274118,35.1499000000001,31.9449000000001,2,il_17144,93,278,31.9449,35.1499
22,2,103,0.071256165381252,5,34.9985608255753,31.7924567408648,34.9762000000001,31.7248000000001,2,il_17144,103,288,31.7248,34.9762
23,2,10,0.07598397998344,6,35.153337108422,31.8331861488852,35.1970000000001,31.7710000000001,2,il_17144,10,22,31.771,35.197
24,2,80,0.0766474808962024,7,35.153337108422,31.8331861488852,35.1973,31.7704000000001,2,il_17144,80,249,31.7704,35.1973
25,2,62,0.0819017845618644,8,34.8520374163426,31.9348720889031,34.8138000000001,32.0073,2,il_17144,62,212,32.0073,34.8138
26,2,37,0.083101387387906,9,34.9985608255753,31.7924567408648,34.9660000000001,31.7160000000001,2,il_17144,37,75,31.716,34.966
27,2,28,0.083317418620684,10,34.8520374163426,31.9348720889031,34.8140000000001,32.0090000000001,2,il_17144,28,54,32.009,34.814
28,2,11,0.0861650345753425,11,35.1552443507088,31.8354802392715,35.222,31.7810000000001,2,il_17144,11,23,31.781,35.222
29,2,79,0.0861869710873764,12,35.1552443507088,31.8354802392715,35.2217000000001,31.7806000000001,2,il_17144,79,248,31.7806,35.2217
30,3,12,0,1,35.15,31.9330000000001,35.15,31.9330000000001,3,il_17155,12,24,31.933,35.15
31,3,93,0,1,35.1499000000001,31.9449000000001,35.1499000000001,31.9449000000001,3,il_17155,93,278,31.9449,35.1499
32,3,96,0.0824081051649512,2,35.143860347167,31.8682047240969,35.1258,31.7878000000001,3,il_17155,96,281,31.7878,35.1258
33,4,88,0.0816437430101217,1,35.0351091365855,32.0458660095684,35.0260000000001,32.1270000000001,4,il_17162,88,270,32.127,35.026
34,5,12,0,1,35.15,31.9330000000001,35.15,31.9330000000001,5,il_17164,12,24,31.933,35.15
35,5,85,0,1,34.9610000000001,31.8340000000001,34.9610000000001,31.8340000000001,5,il_17164,85,259,31.834,34.961
36,5,93,0,1,35.1499000000001,31.9449000000001,35.1499000000001,31.9449000000001,5,il_17164,93,278,31.9449,35.1499
37,5,97,0,1,34.9616,31.8341,34.9616,31.8341,5,il_17164,97,282,31.8341,34.9616
38,5,96,0.0276436606783333,2,35.1039212655594,31.8046965367746,35.1258,31.7878000000001,5,il_17164,96,281,31.7878,35.1258
39,5,62,0.0518537331598502,3,34.8653850470089,32.0020281343232,34.8138000000001,32.0073,5,il_17164,62,212,32.0073,34.8138
40,5,28,0.0518558575969031,4,34.8653850470089,32.0020281343232,34.8140000000001,32.0090000000001,5,il_17164,28,54,32.009,34.814
41,5,103,0.0712561688503152,5,34.9985608296248,31.79245674318,34.9762000000001,31.7248000000001,5,il_17164,103,288,31.7248,34.9762
42,5,10,0.0759839785989099,6,35.1533371124778,31.8331861500412,35.1970000000001,31.7710000000001,5,il_17164,10,22,31.771,35.197
43,5,80,0.076647479516832,7,35.1533371124778,31.8331861500412,35.1973,31.7704000000001,5,il_17164,80,249,31.7704,35.1973
44,5,37,0.0831013911047052,8,34.9985608296248,31.79245674318,34.9660000000001,31.7160000000001,5,il_17164,37,75,31.716,34.966
45,5,11,0.0861650399081427,9,35.1552443466504,31.835480242733,35.222,31.7810000000001,5,il_17164,11,23,31.781,35.222
46,5,79,0.0861869764207579,10,35.1552443466504,31.835480242733,35.2217000000001,31.7806000000001,5,il_17164,79,248,31.7806,35.2217
47,6,12,0,1,35.15,31.9330000000001,35.15,31.9330000000001,6,il_17168,12,24,31.933,35.15
48,6,28,0,1,34.8140000000001,32.0090000000001,34.8140000000001,32.0090000000001,6,il_17168,28,54,32.009,34.814
49,6,62,0,1,34.8138000000001,32.0073,34.8138000000001,32.0073,6,il_17168,62,212,32.0073,34.8138
50,6,85,0,1,34.9610000000001,31.8340000000001,34.9610000000001,31.8340000000001,6,il_17168,85,259,31.834,34.961
51,6,93,0,1,35.1499000000001,31.9449000000001,35.1499000000001,31.9449000000001,6,il_17168,93,278,31.9449,35.1499
52,6,97,0,1,34.9616,31.8341,34.9616,31.8341,6,il_17168,97,282,31.8341,34.9616
53,6,96,0.0276436606783333,2,35.1039212655594,31.8046965367746,35.1258,31.7878000000001,6,il_17168,96,281,31.7878,35.1258
54,6,114,0.0373436714263057,3,34.7910859872528,32.0392339449349,34.7588000000001,32.0580000000001,6,il_17168,114,299,32.058,34.7588
55,6,52,0.0376856406449963,4,34.7910859872528,32.0392339449349,34.7590000000001,32.059,6,il_17168,52,178,32.059,34.759
56,6,103,0.0712561688503152,5,34.9985608296248,31.79245674318,34.9762000000001,31.7248000000001,6,il_17168,103,288,31.7248,34.9762
57,6,10,0.0759839785989099,6,35.1533371124778,31.8331861500412,35.1970000000001,31.7710000000001,6,il_17168,10,22,31.771,35.197
58,6,80,0.076647479516832,7,35.1533371124778,31.8331861500412,35.1973,31.7704000000001,6,il_17168,80,249,31.7704,35.1973
59,6,88,0.0816437474500421,8,35.0351091352387,32.0458660049493,35.0260000000001,32.1270000000001,6,il_17168,88,270,32.127,35.026
60,6,37,0.0831013911047052,9,34.9985608296248,31.79245674318,34.9660000000001,31.7160000000001,6,il_17168,37,75,31.716,34.966
61,6,11,0.0861650399081427,10,35.1552443466504,31.835480242733,35.222,31.7810000000001,6,il_17168,11,23,31.781,35.222
62,6,79,0.0861869764207579,11,35.1552443466504,31.835480242733,35.2217000000001,31.7806000000001,6,il_17168,79,248,31.7806,35.2217
63,7,73,0.0019259413569191,1,35.2103394919273,32.1039923393586,35.2114,32.1056,7,il_17123,73,242,32.1056,35.2114
64,7,9,0.00259022383657836,2,35.2105737087586,32.1038378360798,35.212,32.1060000000001,7,il_17123,9,21,32.106,35.212
65,7,92,0.024976992593629,3,35.3432985751875,32.1361393288348,35.3513,32.1598000000001,7,il_17123,92,277,32.1598,35.3513
66,7,42,0.0304000974888707,4,35.3432985751875,32.1361393288348,35.349,32.1660000000001,7,il_17123,42,90,32.166,35.349
67,7,93,0.0326792129570461,5,35.1825410764355,31.9464783182911,35.1499000000001,31.9449000000001,7,il_17123,93,278,31.9449,35.1499
68,7,12,0.035221963595654,6,35.1825410764355,31.9464783182911,35.15,31.9330000000001,7,il_17123,12,24,31.933,35.15
69,7,88,0.0567961808732009,7,35.0315425975681,32.0704749102259,35.0260000000001,32.1270000000001,7,il_17123,88,270,32.127,35.026
70,7,8,0.0760056682095104,8,35.1373138943212,32.1003577338759,35.099,32.1660000000001,7,il_17123,8,20,32.166,35.099
71,7,78,0.0855363983427836,9,35.1373138943212,32.1003577338759,35.0959,32.1752000000001,7,il_17123,78,247,32.1752,35.0959
72,8,8,0,1,35.099,32.1660000000001,35.099,32.1660000000001,8,il_17135,8,20,32.166,35.099
73,8,9,0,1,35.212,32.1060000000001,35.212,32.1060000000001,8,il_17135,9,21,32.106,35.212
74,8,73,0,1,35.2114,32.1056,35.2114,32.1056,8,il_17135,73,242,32.1056,35.2114
75,8,78,0,1,35.0959,32.1752000000001,35.0959,32.1752000000001,8,il_17135,78,247,32.1752,35.0959
76,8,88,0,1,35.0260000000001,32.1270000000001,35.0260000000001,32.1270000000001,8,il_17135,88,270,32.127,35.026
77,8,92,0,1,35.3513,32.1598000000001,35.3513,32.1598000000001,8,il_17135,92,277,32.1598,35.3513
78,8,42,0.00120810534578137,2,35.3490810235367,32.1647946147036,35.349,32.1660000000001,8,il_17135,42,90,32.166,35.349
79,8,93,0.0326792186988264,3,35.182541081849,31.946478325218,35.1499000000001,31.9449000000001,8,il_17135,93,278,31.9449,35.1499
80,8,12,0.0352219712478543,4,35.182541081849,31.946478325218,35.15,31.9330000000001,8,il_17135,12,24,31.933,35.15
81,8,28,0.07084720794978,5,34.8577505123274,32.0647244968159,34.8140000000001,32.0090000000001,8,il_17135,28,54,32.009,34.814
82,8,62,0.0723133484799854,6,34.8577505123274,32.0647244968159,34.8138000000001,32.0073,8,il_17135,62,212,32.0073,34.8138
83,8,52,0.0785345613677674,7,34.8350955216674,32.078420322124,34.7590000000001,32.059,8,il_17135,52,178,32.059,34.759
84,8,114,0.078980986206445,8,34.8350955216674,32.078420322124,34.7588000000001,32.0580000000001,8,il_17135,114,299,32.058,34.7588
85,9,131,0.000165572652434566,1,35.0962757017437,32.602909381199,35.0964000000001,32.6028000000001,9,il_12130,131,317,32.6028,35.0964
86,9,34,0.0210422374631322,2,35.0799874832009,32.6239833508211,35.099,32.633,9,il_12130,34,67,32.633,35.099
87,9,128,0.0341476619425472,3,34.9850732834097,32.587809147101,34.9546,32.5724000000001,9,il_12130,128,314,32.5724,34.9546
88,9,26,0.0413010182247797,4,34.9850732834097,32.587809147101,34.95,32.566,9,il_12130,26,45,32.566,34.95
89,9,127,0.0797587340254081,5,35.0012583927245,32.6129079488316,34.9594000000001,32.6808,9,il_12130,127,313,32.6808,34.9594
90,9,25,0.0804733900421704,6,35.0012583927245,32.6129079488316,34.96,32.6820000000001,9,il_12130,25,44,32.682,34.96
91,10,128,0,1,34.9546,32.5724000000001,34.9546,32.5724000000001,10,il_12140,128,314,32.5724,34.9546
92,10,131,0.00016557205266836,2,35.0962757018755,32.602909380441,35.0964000000001,32.6028000000001,10,il_12140,131,317,32.6028,35.0964
93,10,26,0.00510114673937674,3,34.9543278074851,32.568700329689,34.95,32.566,10,il_12140,26,45,32.566,34.95
94,10,34,0.0210422342575188,4,35.0799874872942,32.6239833496709,35.099,32.633,10,il_12140,34,67,32.633,35.099
95,10,127,0.0613238200673806,5,34.9856855624963,32.6253953060481,34.9594000000001,32.6808,10,il_12140,127,313,32.6808,34.9594
96,10,25,0.0621508118495629,6,34.9866400404814,32.6258481375491,34.96,32.6820000000001,10,il_12140,25,44,32.682,34.96
97,11,131,0.0137084188368482,1,35.0958162000099,32.5891040179404,35.0964000000001,32.6028000000001,11,il_13105,131,317,32.6028,35.0964
98,11,128,0.0423511061339832,2,34.9967889184623,32.5761028839785,34.9546,32.5724000000001,11,il_13105,128,314,32.5724,34.9546
99,11,34,0.0428180010117689,3,35.1054006802744,32.5906631070735,35.099,32.633,11,il_13105,34,67,32.633,35.099
100,11,26,0.0471627881934832,4,34.9971036734882,32.5636393784489,34.95,32.566,11,il_13105,26,45,32.566,34.95
101,12,131,0.0539169785872631,1,35.0886789110889,32.549438727845,35.0964000000001,32.6028000000001,12,il_13125,131,317,32.6028,35.0964
102,12,26,0.0625452785054823,2,34.9999112203559,32.5283067387201,34.95,32.566,12,il_13125,26,45,32.566,34.95
103,12,128,0.0632243812183485,3,34.9999112203559,32.5283067387201,34.9546,32.5724000000001,12,il_13125,128,314,32.5724,34.9546
104,12,34,0.0841962652406772,4,35.0886789110889,32.549438727845,35.099,32.633,12,il_13125,34,67,32.633,35.099
105,13,131,0.0656536536249559,1,35.0994690962777,32.5372181207776,35.0964000000001,32.6028000000001,13,il_13135,131,317,32.6028,35.0964
106,13,26,0.0796606745438542,2,35.0007773955913,32.5046202055579,34.95,32.566,13,il_13135,26,45,32.566,34.95
107,13,128,0.0820149522843777,3,35.0007773955913,32.5046202055579,34.9546,32.5724000000001,13,il_13135,128,314,32.5724,34.9546
108,14,131,0.0539169780343443,1,35.0886789069991,32.5494387289955,35.0964000000001,32.6028000000001,14,il_13146,131,317,32.6028,35.0964
109,14,26,0.0544418949377533,2,34.9631245658292,32.5131637842365,34.95,32.566,14,il_13146,26,45,32.566,34.95
110,14,128,0.0590399672118451,3,34.9708536506198,32.5156414185352,34.9546,32.5724000000001,14,il_13146,128,314,32.5724,34.9546
111,14,27,0.0807877334685301,4,34.9563039111812,32.507958717357,34.883,32.474,14,il_13146,27,46,32.474,34.883
112,14,129,0.082485111143099,5,34.9563039111812,32.507958717357,34.8815000000001,32.4732000000001,14,il_13146,129,315,32.4732,34.8815
113,14,34,0.0841962646002478,6,35.0886789069991,32.5494387289955,35.099,32.633,14,il_13146,34,67,32.633,35.099
114,15,131,0.0782067367589174,1,35.1421153582684,32.5393460821314,35.0964000000001,32.6028000000001,15,il_14115,131,317,32.6028,35.0964
115,16,46,0.0296210056150206,1,34.9664628356502,32.3962018876118,34.938,32.388,16,il_14120,46,107,32.388,34.938
116,16,77,0.0300889576877088,2,34.9664628356502,32.3962018876118,34.9376,32.3877000000001,16,il_14120,77,246,32.3877,34.9376
117,16,27,0.0774335808477547,3,34.948487938988,32.4326806426718,34.883,32.474,16,il_14120,27,46,32.474,34.883
118,16,131,0.0782067343710328,4,35.1421153541805,32.5393460821294,35.0964000000001,32.6028000000001,16,il_14120,131,317,32.6028,35.0964
119,16,129,0.0782892220432801,5,34.948487938988,32.4326806426718,34.8815000000001,32.4732000000001,16,il_14120,129,315,32.4732,34.8815
120,16,64,0.0874196452133823,6,35.3554210552117,32.4170270079867,35.4150000000001,32.4810000000001,16,il_14120,64,224,32.481,35.415
121,16,140,0.0874196452133823,6,35.3554210552117,32.4170270079867,35.4150000000001,32.4810000000001,16,il_14120,140,328,32.481,35.415
122,17,46,0,1,34.938,32.388,34.938,32.388,17,il_15120,46,107,32.388,34.938
123,17,77,0,1,34.9376,32.3877000000001,34.9376,32.3877000000001,17,il_15120,77,246,32.3877,34.9376
124,17,78,0.0343523742730002,2,35.1281093397845,32.1871433684044,35.0959,32.1752000000001,17,il_15120,78,247,32.1752,35.0959
125,17,8,0.035977711019005,3,35.1281093397845,32.1871433684044,35.099,32.1660000000001,17,il_15120,8,20,32.166,35.099
126,17,27,0.07182594108399,4,34.9208791357143,32.4129742932025,34.883,32.474,17,il_15120,27,46,32.474,34.883
127,17,129,0.0719572935071085,5,34.9208791357143,32.4129742932025,34.8815000000001,32.4732000000001,17,il_15120,129,315,32.4732,34.8815
128,17,42,0.0830761037086099,6,35.2723124613074,32.1979477763964,35.349,32.1660000000001,17,il_15120,42,90,32.166,35.349
129,17,9,0.086525281782287,7,35.1653485825342,32.1788715969081,35.212,32.1060000000001,17,il_15120,9,21,32.106,35.212
130,17,73,0.086541666057869,8,35.1653485825342,32.1788715969081,35.2114,32.1056,17,il_15120,73,242,32.1056,35.2114
131,17,92,0.087717068536866,9,35.2723124613074,32.1979477763964,35.3513,32.1598000000001,17,il_15120,92,277,32.1598,35.3513
132,18,72,0.0331738475194654,1,35.5706657946166,33.2741671656428,35.5700000000001,33.241,18,il_30145,72,241,33.241,35.57
133,18,149,0.0337839813181757,2,35.5706657946166,33.2741671656428,35.5696,33.2404000000001,18,il_30145,149,346,33.2404,35.5696
134,18,150,0.0469405711122093,3,35.5867390166018,33.2750284747205,35.6000000000001,33.2300000000001,18,il_30145,150,348,33.23,35.6
135,18,154,0.0469405711122093,3,35.5867390166018,33.2750284747205,35.6000000000001,33.2300000000001,18,il_30145,154,352,33.23,35.6
136,18,168,0.06759517022638,4,35.5867390166018,33.2750284747205,35.6350000000001,33.2277,18,il_30145,168,498,33.2277,35.635
137,18,169,0.06759517022638,4,35.5867390166018,33.2750284747205,35.6350000000001,33.2277,18,il_30145,169,499,33.2277,35.635
138,19,4,0.00167715427796307,1,35.7815358312263,33.1321820413985,35.7830000000001,33.133,19,il_30155,4,10,33.133,35.783
139,19,118,0.0232118773797578,2,35.7815358312263,33.1321820413985,35.8045000000001,33.1288000000001,19,il_30155,118,303,33.1288,35.8045
140,19,137,0.0311942499451745,3,35.6393976873205,33.1545122281686,35.6133,33.1716000000001,19,il_30155,137,324,33.1716,35.6133
141,19,55,0.0322278699755522,4,35.6393976873205,33.1545122281686,35.6130000000001,33.1730000000001,19,il_30155,55,202,33.173,35.613
142,19,168,0.0693561177114944,5,35.6624725755756,33.1640169672891,35.6350000000001,33.2277,19,il_30155,168,498,33.2277,35.635
143,19,169,0.0693561177114944,5,35.6624725755756,33.1640169672891,35.6350000000001,33.2277,19,il_30155,169,499,33.2277,35.635
144,19,150,0.0851434430780395,6,35.6403524203748,33.1550260840754,35.6000000000001,33.2300000000001,19,il_30155,150,348,33.23,35.6
145,19,154,0.0851434430780395,6,35.6403524203748,33.1550260840754,35.6000000000001,33.2300000000001,19,il_30155,154,352,33.23,35.6
146,20,155,0.011648293013054,1,35.5731888576874,33.0360441367469,35.5735,33.0244000000001,20,il_30165,155,353,33.0244,35.5735
147,20,156,0.011648293013054,1,35.5731888576874,33.0360441367469,35.5735,33.0244000000001,20,il_30165,156,354,33.0244,35.5735
148,20,31,0.0515261041238842,2,35.5210119200772,33.0315843271805,35.5070000000001,32.982,20,il_30165,31,62,32.982,35.507
149,20,113,0.0826330329603041,3,35.3950078726138,33.0053100817852,35.3287,32.9560000000001,20,il_30165,113,298,32.956,35.3287
150,20,87,0.0831957881017859,4,35.3950078726138,33.0053100817852,35.328,32.9560000000001,20,il_30165,87,269,32.956,35.328
151,21,155,0.00334989694578014,1,35.5746982908317,33.0212717563027,35.5735,33.0244000000001,21,il_30170,155,353,33.0244,35.5735
152,21,156,0.00334989694578014,1,35.5746982908317,33.0212717563027,35.5735,33.0244000000001,21,il_30170,156,354,33.0244,35.5735
153,21,31,0.0080071155658926,2,35.5055428323022,32.9898734085367,35.5070000000001,32.982,21,il_30170,31,62,32.982,35.507
154,21,135,0.074431499115089,3,35.5140873420396,32.9894291817089,35.5135000000001,32.9150000000001,21,il_30170,135,322,32.915,35.5135
155,21,50,0.0758052150370056,4,35.515802873479,32.9898287848081,35.5330000000001,32.9160000000001,21,il_30170,50,123,32.916,35.533
156,22,55,0,1,35.6130000000001,33.1730000000001,35.6130000000001,33.1730000000001,22,il_30175,55,202,33.173,35.613
157,22,72,0,1,35.5700000000001,33.241,35.5700000000001,33.241,22,il_30175,72,241,33.241,35.57
158,22,137,0,1,35.6133,33.1716000000001,35.6133,33.1716000000001,22,il_30175,137,324,33.1716,35.6133
159,22,149,0,1,35.5696,33.2404000000001,35.5696,33.2404000000001,22,il_30175,149,346,33.2404,35.5696
160,22,150,0,1,35.6000000000001,33.2300000000001,35.6000000000001,33.2300000000001,22,il_30175,150,348,33.23,35.6
161,22,154,0,1,35.6000000000001,33.2300000000001,35.6000000000001,33.2300000000001,22,il_30175,154,352,33.23,35.6
162,22,155,0,1,35.5735,33.0244000000001,35.5735,33.0244000000001,22,il_30175,155,353,33.0244,35.5735
163,22,156,0,1,35.5735,33.0244000000001,35.5735,33.0244000000001,22,il_30175,156,354,33.0244,35.5735
164,22,168,0,1,35.6350000000001,33.2277,35.6350000000001,33.2277,22,il_30175,168,498,33.2277,35.635
165,22,169,0,1,35.6350000000001,33.2277,35.6350000000001,33.2277,22,il_30175,169,499,33.2277,35.635
166,22,4,0.00103678420668541,2,35.7828379243631,33.1319759624133,35.7830000000001,33.133,22,il_30175,4,10,33.133,35.783
167,22,31,0.00800710855529095,3,35.5055428193098,32.9898733990025,35.5070000000001,32.982,22,il_30175,31,62,32.982,35.507
168,22,118,0.0124327342323033,4,35.7942942044863,33.1216996747665,35.8045000000001,33.1288000000001,22,il_30175,118,303,33.1288,35.8045
169,22,135,0.0744314979239219,5,35.5140873351882,32.9894291805718,35.5135000000001,32.9150000000001,22,il_30175,135,322,32.915,35.5135
170,22,50,0.0758052160071897,6,35.5158028513225,32.9898287806432,35.5330000000001,32.9160000000001,22,il_30175,50,123,32.916,35.533
171,22,113,0.0826330372281416,7,35.3950078753607,33.0053100852434,35.3287,32.9560000000001,22,il_30175,113,298,32.956,35.3287
172,22,87,0.0831957923638668,8,35.3950078753607,33.0053100852434,35.328,32.9560000000001,22,il_30175,87,269,32.956,35.328
173,23,31,0,1,35.5070000000001,32.982,35.5070000000001,32.982,23,il_31110,31,62,32.982,35.507
174,23,135,0.00308261904639302,2,35.5104780800664,32.9156087200504,35.5135000000001,32.9150000000001,23,il_31110,135,322,32.915,35.5135
175,23,50,0.020053639588911,3,35.5159848281906,32.9053871592373,35.5330000000001,32.9160000000001,23,il_31110,50,123,32.916,35.533
176,23,44,0.0547953667380717,4,35.4251710654367,32.8825973028255,35.374,32.8630000000001,23,il_31110,44,99,32.863,35.374
177,23,133,0.0550308381542118,5,35.4251710654367,32.8825973028255,35.3741000000001,32.8621000000001,23,il_31110,133,319,32.8621,35.3741
178,23,68,0.0580079417894753,6,35.5257192937614,32.8600633992632,35.5790000000001,32.883,23,il_31110,68,233,32.883,35.579
179,23,142,0.0583905830925123,7,35.5257192937614,32.8600633992632,35.5792000000001,32.8835,23,il_31110,142,330,32.8835,35.5792
180,23,155,0.0755701884448093,8,35.5106878112419,32.9823823569796,35.5735,33.0244000000001,23,il_31110,155,353,33.0244,35.5735
181,23,156,0.0755701884448093,8,35.5106878112419,32.9823823569796,35.5735,33.0244000000001,23,il_31110,156,354,33.0244,35.5735
182,23,48,0.0841109913738259,9,35.5252700289315,32.8564790098214,35.599,32.816,23,il_31110,48,115,32.816,35.599
183,23,113,0.0870892526278285,10,35.4132205253705,32.9769956832321,35.3287,32.9560000000001,23,il_31110,113,298,32.956,35.3287
184,23,87,0.0877687681284832,11,35.4132205253705,32.9769956832321,35.328,32.9560000000001,23,il_31110,87,269,32.956,35.328
185,24,133,0.0011196780522612,1,35.3752170445998,32.862176748309,35.3741000000001,32.8621000000001,24,il_31115,133,319,32.8621,35.3741
186,24,44,0.00115775237359592,2,35.3751550293713,32.8630793581126,35.374,32.8630000000001,24,il_31115,44,99,32.863,35.374
187,24,138,0.0336529141712626,3,35.33404749288,32.8929544923549,35.3015,32.8844,24,il_31115,138,325,32.8844,35.3015
188,24,56,0.0364337573578584,4,35.33404749288,32.8929544923549,35.299,32.883,24,il_31115,56,205,32.883,35.299
189,24,113,0.0448778072942884,5,35.360884127115,32.9247238181777,35.3287,32.9560000000001,24,il_31115,113,298,32.956,35.3287
190,24,87,0.0453824345480051,6,35.360884127115,32.9247238181777,35.328,32.9560000000001,24,il_31115,87,269,32.956,35.328
191,24,135,0.0525036919370873,7,35.4968737683751,32.865198332468,35.5135000000001,32.9150000000001,24,il_31115,135,322,32.915,35.5135
192,24,50,0.060567110792386,8,35.505766127813,32.8619010987595,35.5330000000001,32.9160000000001,24,il_31115,50,123,32.916,35.533
193,24,31,0.0702112194381999,9,35.4455814286598,32.9479797938054,35.5070000000001,32.982,24,il_31115,31,62,32.982,35.507
194,24,68,0.0726505665850039,10,35.5150962027045,32.8484397697298,35.5790000000001,32.883,24,il_31115,68,233,32.883,35.579
195,24,142,0.0730651529411291,11,35.5150962027045,32.8484397697298,35.5792000000001,32.8835,24,il_31115,142,330,32.8835,35.5792
196,24,48,0.0898921530838719,12,35.5139993084173,32.8452486173437,35.599,32.816,24,il_31115,48,115,32.816,35.599
197,25,118,0.0192547329547039,1,35.807357382819,33.1097584637022,35.8045000000001,33.1288000000001,25,il_31155,118,303,33.1288,35.8045
198,25,4,0.0264636328399902,2,35.7953155322622,33.1095766883599,35.7830000000001,33.133,25,il_31155,4,10,33.133,35.783
199,25,2,0.0277584753412632,3,35.6555516242779,32.9086409509029,35.6530000000001,32.881,25,il_31155,2,6,32.881,35.653
200,25,116,0.0291005721820171,4,35.6555516242779,32.9086409509029,35.6504000000001,32.8800000000001,25,il_31155,116,301,32.88,35.6504
201,25,65,0.058292109478614,5,35.6993249330829,32.9390734763953,35.7480000000001,32.907,25,il_31155,65,227,32.907,35.748
202,25,139,0.0598774551577924,6,35.6993249330829,32.9390734763953,35.7487,32.9052,25,il_31155,139,327,32.9052,35.7487
203,25,142,0.0764391682762272,7,35.6493957671666,32.9137572424167,35.5792000000001,32.8835,25,il_31155,142,330,32.8835,35.5792
204,25,68,0.0768216896198259,8,35.6493957671666,32.9137572424167,35.5790000000001,32.883,25,il_31155,68,233,32.883,35.579
205,25,155,0.0774495953313774,9,35.6477401947334,33.002335700715,35.5735,33.0244000000001,25,il_31155,155,353,33.0244,35.5735
206,25,156,0.0774495953313774,9,35.6477401947334,33.002335700715,35.5735,33.0244000000001,25,il_31155,156,354,33.0244,35.5735
207,26,2,0.0177341822031241,1,35.6533637654222,32.8987304510132,35.6530000000001,32.881,26,il_31160,2,6,32.881,35.653
208,26,116,0.01896348334654,2,35.6533637654222,32.8987304510132,35.6504000000001,32.8800000000001,26,il_31160,116,301,32.88,35.6504
209,26,65,0.0376031140148013,3,35.7420873924942,32.9441353639553,35.7480000000001,32.907,26,il_31160,65,227,32.907,35.748
210,26,139,0.0394928999233731,4,35.7420873924942,32.9441353639553,35.7487,32.9052,26,il_31160,139,327,32.9052,35.7487
211,26,142,0.073243420192825,5,35.6505415103289,32.9000827472255,35.5792000000001,32.8835,26,il_31160,142,330,32.8835,35.5792
212,26,68,0.0735514297808454,6,35.6506415218405,32.8996524824335,35.5790000000001,32.883,26,il_31160,68,233,32.883,35.579
213,26,118,0.0822182063030627,7,35.8418869244691,33.0555739709773,35.8045000000001,33.1288000000001,26,il_31160,118,303,33.1288,35.8045
214,27,65,0,1,35.7480000000001,32.907,35.7480000000001,32.907,27,il_31163,65,227,32.907,35.748
215,27,139,0,1,35.7487,32.9052,35.7487,32.9052,27,il_31163,139,327,32.9052,35.7487
216,27,2,0.0108973737487997,2,35.6611941977049,32.8881838623731,35.6530000000001,32.881,27,il_31163,2,6,32.881,35.653
217,27,116,0.013511652845982,3,35.6605599850837,32.8889072703861,35.6504000000001,32.8800000000001,27,il_31163,116,301,32.88,35.6504
218,27,115,0.0743209569545668,4,35.7361394895984,32.8870021151996,35.7622000000001,32.8174000000001,27,il_31163,115,300,32.8174,35.7622
219,27,1,0.0749785512759817,5,35.7361394895984,32.8870021151996,35.763,32.8170000000001,27,il_31163,1,2,32.817,35.763
220,27,142,0.0806198388204477,6,35.659308694256,32.8925639680078,35.5792000000001,32.8835,27,il_31163,142,330,32.8835,35.5792
221,27,68,0.0808761760789046,7,35.659308694256,32.8925639680078,35.5790000000001,32.883,27,il_31163,68,233,32.883,35.579
222,28,1,0,1,35.763,32.8170000000001,35.763,32.8170000000001,28,il_31165,1,2,32.817,35.763
223,28,115,0,1,35.7622000000001,32.8174000000001,35.7622000000001,32.8174000000001,28,il_31165,115,300,32.8174,35.7622
224,28,139,0.0299885193183469,2,35.755645108846,32.876026780191,35.7487,32.9052,28,il_31165,139,327,32.9052,35.7487
225,28,65,0.0319027903889886,3,35.755645108846,32.876026780191,35.7480000000001,32.907,28,il_31165,65,227,32.907,35.748
226,28,116,0.0444691041367854,4,35.658360864312,32.8362492758674,35.6504000000001,32.8800000000001,28,il_31165,116,301,32.88,35.6504
227,28,2,0.045070679788187,5,35.658360864312,32.8362492758674,35.6530000000001,32.881,28,il_31165,2,6,32.881,35.653
228,28,48,0.0526095527633774,6,35.6503352831188,32.8275088552465,35.599,32.816,28,il_31165,48,115,32.816,35.599
229,29,1,0,1,35.763,32.8170000000001,35.763,32.8170000000001,29,il_31198,1,2,32.817,35.763
230,29,2,0,1,35.6530000000001,32.881,35.6530000000001,32.881,29,il_31198,2,6,32.881,35.653
231,29,3,0,1,35.5840000000001,32.7040000000001,35.5840000000001,32.7040000000001,29,il_31198,3,8,32.704,35.584
232,29,31,0,1,35.5070000000001,32.982,35.5070000000001,32.982,29,il_31198,31,62,32.982,35.507
233,29,48,0,1,35.599,32.816,35.599,32.816,29,il_31198,48,115,32.816,35.599
234,29,55,0,1,35.6130000000001,33.1730000000001,35.6130000000001,33.1730000000001,29,il_31198,55,202,33.173,35.613
235,29,65,0,1,35.7480000000001,32.907,35.7480000000001,32.907,29,il_31198,65,227,32.907,35.748
236,29,72,0,1,35.5700000000001,33.241,35.5700000000001,33.241,29,il_31198,72,241,33.241,35.57
237,29,115,0,1,35.7622000000001,32.8174000000001,35.7622000000001,32.8174000000001,29,il_31198,115,300,32.8174,35.7622
238,29,116,0,1,35.6504000000001,32.8800000000001,35.6504000000001,32.8800000000001,29,il_31198,116,301,32.88,35.6504
239,29,117,0,1,35.5839,32.7024000000001,35.5839,32.7024000000001,29,il_31198,117,302,32.7024,35.5839
240,29,137,0,1,35.6133,33.1716000000001,35.6133,33.1716000000001,29,il_31198,137,324,33.1716,35.6133
241,29,139,0,1,35.7487,32.9052,35.7487,32.9052,29,il_31198,139,327,32.9052,35.7487
242,29,142,0,1,35.5792000000001,32.8835,35.5792000000001,32.8835,29,il_31198,142,330,32.8835,35.5792
243,29,149,0,1,35.5696,33.2404000000001,35.5696,33.2404000000001,29,il_31198,149,346,33.2404,35.5696
244,29,150,0,1,35.6000000000001,33.2300000000001,35.6000000000001,33.2300000000001,29,il_31198,150,348,33.23,35.6
245,29,154,0,1,35.6000000000001,33.2300000000001,35.6000000000001,33.2300000000001,29,il_31198,154,352,33.23,35.6
246,29,155,0,1,35.5735,33.0244000000001,35.5735,33.0244000000001,29,il_31198,155,353,33.0244,35.5735
247,29,156,0,1,35.5735,33.0244000000001,35.5735,33.0244000000001,29,il_31198,156,354,33.0244,35.5735
248,29,168,0,1,35.6350000000001,33.2277,35.6350000000001,33.2277,29,il_31198,168,498,33.2277,35.635
249,29,169,0,1,35.6350000000001,33.2277,35.6350000000001,33.2277,29,il_31198,169,499,33.2277,35.635
250,29,68,0.000329686643346822,2,35.5790386997772,32.8833274074069,35.5790000000001,32.883,29,il_31198,68,233,32.883,35.579
251,29,4,0.00103678420668541,3,35.7828379243631,33.1319759624133,35.7830000000001,33.133,29,il_31198,4,10,33.133,35.783
252,29,133,0.00111968129443084,4,35.3752170479499,32.8621767468487,35.3741000000001,32.8621000000001,29,il_31198,133,319,32.8621,35.3741
253,29,44,0.001157756978521,5,35.3751550340849,32.8630793566885,35.374,32.8630000000001,29,il_31198,44,99,32.863,35.374
254,29,135,0.003082615690253,6,35.5104780827912,32.9156087165813,35.5135000000001,32.9150000000001,29,il_31198,135,322,32.915,35.5135
255,29,50,0.0118008176719791,7,35.5353420919786,32.9275660668722,35.5330000000001,32.9160000000001,29,il_31198,50,123,32.916,35.533
256,29,118,0.0124327342323033,8,35.7942942044863,33.1216996747665,35.8045000000001,33.1288000000001,29,il_31198,118,303,33.1288,35.8045
257,29,157,0.0149303727731122,9,35.5978460707874,32.6847741876289,35.6000000000001,32.6700000000001,29,il_31198,157,355,32.67,35.6
258,29,138,0.033652917996717,10,35.3340474956227,32.8929544969687,35.3015,32.8844,29,il_31198,138,325,32.8844,35.3015
259,29,56,0.0364337612568201,11,35.3340474956227,32.8929544969687,35.299,32.883,29,il_31198,56,205,32.883,35.299
260,29,113,0.0448778112247115,12,35.360884132589,32.9247238181708,35.3287,32.9560000000001,29,il_31198,113,298,32.956,35.3287
261,29,87,0.0453824385191569,13,35.360884132589,32.9247238181708,35.328,32.9560000000001,29,il_31198,87,269,32.956,35.328
262,29,5,0.056906237757868,14,35.5702513770989,32.7001787071294,35.5160000000001,32.6830000000001,29,il_31198,5,11,32.683,35.516
263,29,119,0.0601983921254751,15,35.5702513770989,32.7001787071294,35.5101000000001,32.6978,29,il_31198,119,304,32.6978,35.5101
264,30,4,0,1,35.7830000000001,33.133,35.7830000000001,33.133,30,il_34160,4,10,33.133,35.783
265,30,118,0,1,35.8045000000001,33.1288000000001,35.8045000000001,33.1288000000001,30,il_34160,118,303,33.1288,35.8045
266,30,1,0.0114057383561428,2,35.7684615721388,32.8069869037146,35.763,32.8170000000001,30,il_34160,1,2,32.817,35.763
267,30,115,0.0121507143781377,3,35.7684615721388,32.8069869037146,35.7622000000001,32.8174000000001,30,il_34160,115,300,32.8174,35.7622
268,30,157,0.0371851798714366,4,35.6352166373539,32.6819384276837,35.6000000000001,32.6700000000001,30,il_34160,157,355,32.67,35.6
269,30,117,0.0543632908822044,5,35.6351425929646,32.6842461006446,35.5839,32.7024000000001,30,il_34160,117,302,32.7024,35.5839
270,30,3,0.0548250066564904,6,35.6351425929646,32.6842461006446,35.5840000000001,32.7040000000001,30,il_34160,3,8,32.704,35.584
271,30,139,0.0695237317465499,7,35.808645537664,32.8699852049539,35.7487,32.9052,30,il_34160,139,327,32.9052,35.7487
272,30,65,0.0710491118231714,8,35.808645537664,32.8699852049539,35.7480000000001,32.907,30,il_34160,65,227,32.907,35.748
273,30,48,0.0889102837644878,9,35.6650019566395,32.7564283601129,35.599,32.816,30,il_34160,48,115,32.816,35.599
274,31,10,0,1,35.1970000000001,31.7710000000001,35.1970000000001,31.7710000000001,31,il_18115,10,22,31.771,35.197
275,31,80,0,1,35.1973,31.7704000000001,35.1973,31.7704000000001,31,il_18115,80,249,31.7704,35.1973
276,31,96,0.0021710200721908,2,35.1269819600733,31.7859789292878,35.1258,31.7878000000001,31,il_18115,96,281,31.7878,35.1258
277,31,79,0.00648417491939291,3,35.2207009198611,31.7741932564231,35.2217000000001,31.7806000000001,31,il_18115,79,248,31.7806,35.2217
278,31,11,0.00692562221348112,4,35.2209329017663,31.7741570807105,35.222,31.7810000000001,31,il_18115,11,23,31.781,35.222
279,31,103,0.0227444207185136,5,34.9984560696153,31.7294878608236,34.9762000000001,31.7248000000001,31,il_18115,103,288,31.7248,34.9762
280,31,13,0.0280691118882173,6,35.0012662941979,31.7043123799345,34.9830000000001,31.6830000000001,31,il_18115,13,25,31.683,34.983
281,31,102,0.0305353391218587,7,35.0012662941979,31.7043123799345,34.9744000000001,31.6898,31,il_18115,102,287,31.6898,34.9744
282,31,37,0.0324388904216629,8,34.9984098718801,31.7146282068278,34.9660000000001,31.7160000000001,31,il_18115,37,75,31.716,34.966
283,31,38,0.0411906345791659,9,35.1276310740671,31.7060302775784,35.124,31.6650000000001,31,il_18115,38,77,31.665,35.124
284,31,101,0.041850005785079,10,35.1269891995539,31.7060870818224,35.1233,31.6644000000001,31,il_18115,101,286,31.6644,35.1233
285,31,12,0.0492429362027184,11,35.1801944445391,31.8941006133102,35.15,31.9330000000001,31,il_18115,12,24,31.933,35.15
286,31,93,0.0589542856811712,12,35.1830251917784,31.8961318805999,35.1499000000001,31.9449000000001,31,il_18115,93,278,31.9449,35.1499
287,31,95,0.0652528894690854,13,35.2375090188073,31.8027234487299,35.2961,31.7740000000001,31,il_18115,95,280,31.774,35.2961
288,31,63,0.0656048289958535,14,35.2371964562323,31.80208843117,35.2960000000001,31.773,31,il_18115,63,218,31.773,35.296
289,31,97,0.0778001726492197,15,35.0019848428698,31.7676023960535,34.9616,31.8341,31,il_18115,97,282,31.8341,34.9616
290,31,85,0.0780281946151714,16,35.0019848428698,31.7676023960535,34.9610000000001,31.8340000000001,31,il_18115,85,259,31.834,34.961
291,32,97,0.0235025199919789,1,34.9721036324523,31.8130752015163,34.9616,31.8341,32,il_18125,97,282,31.8341,34.9616
292,32,85,0.0236812114524931,2,34.9715834923748,31.8128153483623,34.9610000000001,31.8340000000001,32,il_18125,85,259,31.834,34.961
293,32,103,0.0490281410001344,3,34.9834835343021,31.7732841080975,34.9762000000001,31.7248000000001,32,il_18125,103,288,31.7248,34.9762
294,32,37,0.059725025512649,4,34.9814279588743,31.7736979787988,34.9660000000001,31.7160000000001,32,il_18125,37,75,31.716,34.966
295,32,102,0.0839768235898361,5,34.9834835343021,31.7732841080975,34.9744000000001,31.6898,32,il_18125,102,287,31.6898,34.9744
296,33,10,0,1,35.1970000000001,31.7710000000001,35.1970000000001,31.7710000000001,33,il_18131,10,22,31.771,35.197
297,33,37,0,1,34.9660000000001,31.7160000000001,34.9660000000001,31.7160000000001,33,il_18131,37,75,31.716,34.966
298,33,80,0,1,35.1973,31.7704000000001,35.1973,31.7704000000001,33,il_18131,80,249,31.7704,35.1973
299,33,96,0,1,35.1258,31.7878000000001,35.1258,31.7878000000001,33,il_18131,96,281,31.7878,35.1258
300,33,103,0,1,34.9762000000001,31.7248000000001,34.9762000000001,31.7248000000001,33,il_18131,103,288,31.7248,34.9762
301,33,85,0.00232559971665504,2,34.9586852209986,31.8337759191741,34.9610000000001,31.8340000000001,33,il_18131,85,259,31.834,34.961
302,33,97,0.00293244339369506,3,34.9586812008868,31.8338174473609,34.9616,31.8341,33,il_18131,97,282,31.8341,34.9616
303,33,79,0.00648417422174633,4,35.2207009114425,31.774193258442,35.2217000000001,31.7806000000001,33,il_18131,79,248,31.7806,35.2217
304,33,11,0.00692562182828133,5,35.2209328927192,31.7741570825112,35.222,31.7810000000001,33,il_18131,11,23,31.781,35.222
305,33,102,0.00707987062986508,6,34.9759711352939,31.6967033399181,34.9744000000001,31.6898,33,il_18131,102,287,31.6898,34.9744
306,33,13,0.0154008591957641,7,34.9759711352939,31.6967033399181,34.9830000000001,31.6830000000001,33,il_18131,13,25,31.683,34.983
307,33,38,0.0411906334293748,8,35.1276310739657,31.7060302764331,35.124,31.6650000000001,33,il_18131,38,77,31.665,35.124
308,33,101,0.0418500046352878,9,35.1269891994525,31.7060870806771,35.1233,31.6644000000001,33,il_18131,101,286,31.6644,35.1233
309,33,98,0.0446225511197706,10,34.8486787119395,31.8001291944744,34.8050000000001,31.7910000000001,33,il_18131,98,283,31.791,34.805
310,33,49,0.0452439246133777,11,34.8486787119395,31.8001291944744,34.804,31.7930000000001,33,il_18131,49,121,31.793,34.804
311,33,12,0.049242937114767,12,35.1801944445394,31.8941006121559,35.15,31.9330000000001,33,il_18131,12,24,31.933,35.15
312,33,93,0.0589542866362039,13,35.1830251917787,31.8961318794456,35.1499000000001,31.9449000000001,33,il_18131,93,278,31.9449,35.1499
313,33,95,0.0652528833126117,14,35.2375090296237,31.8027234568076,35.2961,31.7740000000001,33,il_18131,95,280,31.774,35.2961
314,33,63,0.0656048325760989,15,35.2371964562352,31.8020884392505,35.2960000000001,31.773,33,il_18131,63,218,31.773,35.296
315,34,10,0,1,35.1970000000001,31.7710000000001,35.1970000000001,31.7710000000001,34,il_18150,10,22,31.771,35.197
316,34,37,0,1,34.9660000000001,31.7160000000001,34.9660000000001,31.7160000000001,34,il_18150,37,75,31.716,34.966
317,34,49,0,1,34.804,31.7930000000001,34.804,31.7930000000001,34,il_18150,49,121,31.793,34.804
318,34,80,0,1,35.1973,31.7704000000001,35.1973,31.7704000000001,34,il_18150,80,249,31.7704,35.1973
319,34,96,0,1,35.1258,31.7878000000001,35.1258,31.7878000000001,34,il_18150,96,281,31.7878,35.1258
320,34,98,0,1,34.8050000000001,31.7910000000001,34.8050000000001,31.7910000000001,34,il_18150,98,283,31.791,34.805
321,34,103,0,1,34.9762000000001,31.7248000000001,34.9762000000001,31.7248000000001,34,il_18150,103,288,31.7248,34.9762
322,34,85,0.00232559971665504,2,34.9586852209986,31.8337759191741,34.9610000000001,31.8340000000001,34,il_18150,85,259,31.834,34.961
323,34,97,0.00293244339369506,3,34.9586812008868,31.8338174473609,34.9616,31.8341,34,il_18150,97,282,31.8341,34.9616
324,34,79,0.00648417422174633,4,35.2207009114425,31.774193258442,35.2217000000001,31.7806000000001,34,il_18150,79,248,31.7806,35.2217
325,34,11,0.00692562182828133,5,35.2209328927192,31.7741570825112,35.222,31.7810000000001,34,il_18150,11,23,31.781,35.222
326,34,102,0.00707987062986508,6,34.9759711352939,31.6967033399181,34.9744000000001,31.6898,34,il_18150,102,287,31.6898,34.9744
327,34,99,0.00956711189679476,7,34.7337029572008,31.8188326256666,34.7244000000001,31.8166000000001,34,il_18150,99,284,31.8166,34.7244
328,34,13,0.0154008591957641,8,34.9759711352939,31.6967033399181,34.9830000000001,31.6830000000001,34,il_18150,13,25,31.683,34.983
329,34,36,0.0338217842853253,9,34.7337029572008,31.8188326256666,34.7,31.816,34,il_18150,36,74,31.816,34.7
330,34,38,0.0411906334293748,10,35.1276310739657,31.7060302764331,35.124,31.6650000000001,34,il_18150,38,77,31.665,35.124
331,34,101,0.0418500046352878,11,35.1269891994525,31.7060870806771,35.1233,31.6644000000001,34,il_18150,101,286,31.6644,35.1233
332,34,12,0.049242937114767,12,35.1801944445394,31.8941006121559,35.15,31.9330000000001,34,il_18150,12,24,31.933,35.15
333,34,93,0.0589542866362039,13,35.1830251917787,31.8961318794456,35.1499000000001,31.9449000000001,34,il_18150,93,278,31.9449,35.1499
334,34,95,0.0652528833126117,14,35.2375090296237,31.8027234568076,35.2961,31.7740000000001,34,il_18150,95,280,31.774,35.2961
335,34,63,0.0656048325760989,15,35.2371964562352,31.8020884392505,35.2960000000001,31.773,34,il_18150,63,218,31.773,35.296
336,35,49,0.0345746499225477,1,34.8240770929268,31.8211481217292,34.804,31.7930000000001,35,il_18178,49,121,31.793,34.804
337,35,98,0.0356769493977438,2,34.8240770929268,31.8211481217292,34.8050000000001,31.7910000000001,35,il_18178,98,283,31.791,34.805
338,35,85,0.0466046455037469,3,34.916833166409,31.8488756106789,34.9610000000001,31.8340000000001,35,il_18178,85,259,31.834,34.961
339,35,97,0.0471422110289799,4,34.916833166409,31.8488756106789,34.9616,31.8341,35,il_18178,97,282,31.8341,34.9616
340,35,99,0.0584673501032473,5,34.7793224156364,31.8366489223843,34.7244000000001,31.8166000000001,35,il_18178,99,284,31.8166,34.7244
341,35,36,0.081965990618127,6,34.7793224156364,31.8366489223843,34.7,31.816,35,il_18178,36,74,31.816,34.7
342,36,10,0,1,35.1970000000001,31.7710000000001,35.1970000000001,31.7710000000001,36,il_18180,10,22,31.771,35.197
343,36,37,0,1,34.9660000000001,31.7160000000001,34.9660000000001,31.7160000000001,36,il_18180,37,75,31.716,34.966
344,36,49,0,1,34.804,31.7930000000001,34.804,31.7930000000001,36,il_18180,49,121,31.793,34.804
345,36,80,0,1,35.1973,31.7704000000001,35.1973,31.7704000000001,36,il_18180,80,249,31.7704,35.1973
346,36,96,0,1,35.1258,31.7878000000001,35.1258,31.7878000000001,36,il_18180,96,281,31.7878,35.1258
347,36,98,0,1,34.8050000000001,31.7910000000001,34.8050000000001,31.7910000000001,36,il_18180,98,283,31.791,34.805
348,36,103,0,1,34.9762000000001,31.7248000000001,34.9762000000001,31.7248000000001,36,il_18180,103,288,31.7248,34.9762
349,36,85,0.00232559971665504,2,34.9586852209986,31.8337759191741,34.9610000000001,31.8340000000001,36,il_18180,85,259,31.834,34.961
350,36,97,0.00293244339369506,3,34.9586812008868,31.8338174473609,34.9616,31.8341,36,il_18180,97,282,31.8341,34.9616
351,36,79,0.00648417422174633,4,35.2207009114425,31.774193258442,35.2217000000001,31.7806000000001,36,il_18180,79,248,31.7806,35.2217
352,36,11,0.00692562182828133,5,35.2209328927192,31.7741570825112,35.222,31.7810000000001,36,il_18180,11,23,31.781,35.222
353,36,102,0.00707987062986508,6,34.9759711352939,31.6967033399181,34.9744000000001,31.6898,36,il_18180,102,287,31.6898,34.9744
354,36,99,0.00956711189679476,7,34.7337029572008,31.8188326256666,34.7244000000001,31.8166000000001,36,il_18180,99,284,31.8166,34.7244
355,36,13,0.0154008591957641,8,34.9759711352939,31.6967033399181,34.9830000000001,31.6830000000001,36,il_18180,13,25,31.683,34.983
356,36,36,0.0338217842853253,9,34.7337029572008,31.8188326256666,34.7,31.816,36,il_18180,36,74,31.816,34.7
357,36,38,0.0411906334293748,10,35.1276310739657,31.7060302764331,35.124,31.6650000000001,36,il_18180,38,77,31.665,35.124
358,36,101,0.0418500046352878,11,35.1269891994525,31.7060870806771,35.1233,31.6644000000001,36,il_18180,101,286,31.6644,35.1233
359,36,12,0.049242937114767,12,35.1801944445394,31.8941006121559,35.15,31.9330000000001,36,il_18180,12,24,31.933,35.15
360,36,93,0.0589542866362039,13,35.1830251917787,31.8961318794456,35.1499000000001,31.9449000000001,36,il_18180,93,278,31.9449,35.1499
361,36,95,0.0652528833126117,14,35.2375090296237,31.8027234568076,35.2961,31.7740000000001,36,il_18180,95,280,31.774,35.2961
362,36,63,0.0656048325760989,15,35.2371964562352,31.8020884392505,35.2960000000001,31.773,36,il_18180,63,218,31.773,35.296
363,37,13,0,1,34.9830000000001,31.6830000000001,34.9830000000001,31.6830000000001,37,il_19180,13,25,31.683,34.983
364,37,38,0,1,35.124,31.6650000000001,35.124,31.6650000000001,37,il_19180,38,77,31.665,35.124
365,37,41,0,1,34.681,31.6580000000001,34.681,31.6580000000001,37,il_19180,41,82,31.658,34.681
366,37,69,0,1,34.7830000000001,31.616,34.7830000000001,31.616,37,il_19180,69,236,31.616,34.783
367,37,83,0,1,34.6798000000001,31.6585000000001,34.6798000000001,31.6585000000001,37,il_19180,83,252,31.6585,34.6798
368,37,100,0,1,34.7913,31.6303,34.7913,31.6303,37,il_19180,100,285,31.6303,34.7913
369,37,101,0,1,35.1233,31.6644000000001,35.1233,31.6644000000001,37,il_19180,101,286,31.6644,35.1233
370,37,102,0,1,34.9744000000001,31.6898,34.9744000000001,31.6898,37,il_19180,102,287,31.6898,34.9744
371,37,98,0.00613799223551668,2,34.799180344861,31.7890489585484,34.8050000000001,31.7910000000001,37,il_19180,98,283,31.791,34.805
372,37,49,0.00623215887244964,3,34.799180344861,31.7890489585484,34.804,31.7930000000001,37,il_19180,49,121,31.793,34.804
373,37,37,0.00995822627663846,4,34.9603531743764,31.7077975838346,34.9660000000001,31.7160000000001,37,il_19180,37,75,31.716,34.966
374,37,36,0.0102423289227745,5,34.7043553190326,31.8067298059413,34.7,31.816,37,il_19180,36,74,31.816,34.7
375,37,90,0.0119156904032389,6,34.6402978621363,31.7436731595403,34.6350000000001,31.7330000000001,37,il_19180,90,274,31.733,34.635
376,37,144,0.0129899083032046,7,34.6405754725932,31.7435353613632,34.6348,31.7319000000001,37,il_19180,144,336,31.7319,34.6348
377,37,99,0.0182815134923274,8,34.7115896619673,31.8035574168565,34.7244000000001,31.8166000000001,37,il_19180,99,284,31.8166,34.7244
378,37,103,0.0231367864214886,9,34.9665034313609,31.7037931572449,34.9762000000001,31.7248000000001,37,il_19180,103,288,31.7248,34.9762
379,37,54,0.0354628903576626,10,35.0727871771703,31.5053531927263,35.0700000000001,31.47,37,il_19180,54,188,31.47,35.07
380,37,74,0.0550576849284086,11,34.6555425904668,31.7821136233252,34.6377000000001,31.8342000000001,37,il_19180,74,243,31.8342,34.6377
381,37,51,0.0557199364507271,12,34.6555425904668,31.7821136233252,34.638,31.835,37,il_19180,51,124,31.835,34.638
382,37,96,0.0692333478852769,13,35.1208723423049,31.7187422368663,35.1258,31.7878000000001,37,il_19180,96,281,31.7878,35.1258
383,37,80,0.0812377153770546,14,35.1497735631334,31.7045152202824,35.1973,31.7704000000001,37,il_19180,80,249,31.7704,35.1973
384,37,10,0.0815509795969912,15,35.1497735631334,31.7045152202824,35.1970000000001,31.7710000000001,37,il_19180,10,22,31.771,35.197
385,38,15,0,1,35.049,31.3500000000001,35.049,31.3500000000001,38,il_23137,15,28,31.35,35.049
386,38,54,0,1,35.0700000000001,31.47,35.0700000000001,31.47,38,il_23137,54,188,31.47,35.07
387,38,71,0,1,35.1855000000001,31.2500000000001,35.1855000000001,31.2500000000001,38,il_23137,71,240,31.25,35.1855
388,38,107,0,1,35.0662,31.3568000000001,35.0662,31.3568000000001,38,il_23137,107,292,31.3568,35.0662
389,38,108,0,1,34.7995000000001,31.2515000000001,34.7995000000001,31.2515000000001,38,il_23137,108,293,31.2515,34.7995
390,38,151,0,1,34.922,31.205,34.922,31.205,38,il_23137,151,349,31.205,34.922
391,38,152,0,1,34.8700000000001,31.3000000000001,34.8700000000001,31.3000000000001,38,il_23137,152,350,31.3,34.87
392,38,160,0,1,34.9227000000001,31.205,34.9227000000001,31.205,38,il_23137,160,370,31.205,34.9227
393,38,164,0,1,34.8045000000001,31.2642000000001,34.8045000000001,31.2642000000001,38,il_23137,164,411,31.2642,34.8045
394,38,165,0,1,34.8045000000001,31.2642000000001,34.8045000000001,31.2642000000001,38,il_23137,165,412,31.2642,34.8045
395,38,16,0.000803957921902853,2,35.1853539021675,31.2505215588532,35.186,31.251,38,il_23137,16,29,31.251,35.186
396,38,153,0.00166678375178302,3,34.8718898369769,31.3798742026016,34.8729000000001,31.3812,38,il_23137,153,351,31.3812,34.8729
397,38,109,0.0327461981564325,4,34.8673598443334,31.0993376049046,34.8513,31.0708000000001,38,il_23137,109,294,31.0708,34.8513
398,38,47,0.038058898890013,5,34.8673598443334,31.0993376049046,34.849,31.066,38,il_23137,47,112,31.066,34.849
399,38,30,0.0413048166186972,6,34.8196801907321,31.3140091736945,34.7830000000001,31.333,38,il_23137,30,59,31.333,34.783
400,39,100,0.00593323263224486,1,34.7971464006783,31.6292886402335,34.7913,31.6303,39,il_19130,100,285,31.6303,34.7913
401,39,69,0.0194089827503305,2,34.7971464006783,31.6292886402335,34.7830000000001,31.616,39,il_19130,69,236,31.616,34.783
402,39,54,0.0354628941316149,3,35.0727871812076,31.5053531961937,35.0700000000001,31.47,39,il_19130,54,188,31.47,35.07
403,39,13,0.0618546572274103,4,34.9654045371784,31.623700773118,34.9830000000001,31.6830000000001,39,il_19130,13,25,31.683,34.983
404,39,41,0.0622343787399267,5,34.7250246116425,31.7019880832372,34.681,31.6580000000001,39,il_19130,41,82,31.658,34.681
405,39,83,0.0627413649982927,6,34.7250246116425,31.7019880832372,34.6798000000001,31.6585000000001,39,il_19130,83,252,31.6585,34.6798
406,39,102,0.0644691098891926,7,34.9460091228018,31.631918878537,34.9744000000001,31.6898,39,il_19130,102,287,31.6898,34.9744
407,39,37,0.0864249394424879,8,34.9460091228018,31.631918878537,34.9660000000001,31.7160000000001,39,il_19130,37,75,31.716,34.966
408,39,101,0.0879396424429757,9,35.0938418324134,31.5815411014107,35.1233,31.6644000000001,39,il_19130,101,286,31.6644,35.1233
409,39,38,0.0887406492309468,10,35.0938418324134,31.5815411014107,35.124,31.6650000000001,39,il_19130,38,77,31.665,35.124
410,40,13,0,1,34.9830000000001,31.6830000000001,34.9830000000001,31.6830000000001,40,il_19160,13,25,31.683,34.983
411,40,38,0,1,35.124,31.6650000000001,35.124,31.6650000000001,40,il_19160,38,77,31.665,35.124
412,40,101,0,1,35.1233,31.6644000000001,35.1233,31.6644000000001,40,il_19160,101,286,31.6644,35.1233
413,40,102,0,1,34.9744000000001,31.6898,34.9744000000001,31.6898,40,il_19160,102,287,31.6898,34.9744
414,40,37,0.00995822817487789,2,34.9603531743824,31.7077975815258,34.9660000000001,31.7160000000001,40,il_19160,37,75,31.716,34.966
415,40,103,0.0231367832809149,3,34.9665034313521,31.703793160708,34.9762000000001,31.7248000000001,40,il_19160,103,288,31.7248,34.9762
416,40,100,0.0669281144506586,4,34.8515515626282,31.6594396929426,34.7913,31.6303,40,il_19160,100,285,31.6303,34.7913
417,40,96,0.0692333477882636,5,35.1208723436554,31.7187422368672,35.1258,31.7878000000001,40,il_19160,96,281,31.7878,35.1258
418,40,98,0.0795579352788185,6,34.8559267243074,31.7298777142349,34.8050000000001,31.7910000000001,40,il_19160,98,283,31.791,34.805
419,40,69,0.0811561683527516,7,34.8515515626282,31.6594396929426,34.7830000000001,31.616,40,il_19160,69,236,31.616,34.783
420,40,80,0.0812377120700002,8,35.1497735671835,31.7045152214385,35.1973,31.7704000000001,40,il_19160,80,249,31.7704,35.1973
421,40,10,0.0815509763090335,9,35.1497735671835,31.7045152214385,35.1970000000001,31.7710000000001,40,il_19160,10,22,31.771,35.197
422,40,49,0.0817362077509624,10,34.8559267243074,31.7298777142349,34.804,31.7930000000001,40,il_19160,49,121,31.793,34.804
423,41,13,0,1,34.9830000000001,31.6830000000001,34.9830000000001,31.6830000000001,41,il_19178,13,25,31.683,34.983
424,41,38,0,1,35.124,31.6650000000001,35.124,31.6650000000001,41,il_19178,38,77,31.665,35.124
425,41,101,0,1,35.1233,31.6644000000001,35.1233,31.6644000000001,41,il_19178,101,286,31.6644,35.1233
426,41,102,0,1,34.9744000000001,31.6898,34.9744000000001,31.6898,41,il_19178,102,287,31.6898,34.9744
427,41,98,0.00613799223551668,2,34.799180344861,31.7890489585484,34.8050000000001,31.7910000000001,41,il_19178,98,283,31.791,34.805
428,41,49,0.00623215887244964,3,34.799180344861,31.7890489585484,34.804,31.7930000000001,41,il_19178,49,121,31.793,34.804
429,41,37,0.00995822627663846,4,34.9603531743764,31.7077975838346,34.9660000000001,31.7160000000001,41,il_19178,37,75,31.716,34.966
430,41,36,0.0102423289227745,5,34.7043553190326,31.8067298059413,34.7,31.816,41,il_19178,36,74,31.816,34.7
431,41,99,0.0182815134923274,6,34.7115896619673,31.8035574168565,34.7244000000001,31.8166000000001,41,il_19178,99,284,31.8166,34.7244
432,41,103,0.0231367864214886,7,34.9665034313609,31.7037931572449,34.9762000000001,31.7248000000001,41,il_19178,103,288,31.7248,34.9762
433,41,100,0.0490031733571363,8,34.8124014050983,31.6745271602293,34.7913,31.6303,41,il_19178,100,285,31.6303,34.7913
434,41,90,0.0629750345711285,9,34.683360146986,31.7733379618069,34.6350000000001,31.7330000000001,41,il_19178,90,274,31.733,34.635
435,41,144,0.0638372348555733,10,34.683360146986,31.7733379618069,34.6348,31.7319000000001,41,il_19178,144,336,31.7319,34.6348
436,41,74,0.064645803791207,11,34.689975598958,31.7961692006211,34.6377000000001,31.8342000000001,41,il_19178,74,243,31.8342,34.6377
437,41,51,0.0648790711049598,12,34.689975598958,31.7961692006211,34.638,31.835,41,il_19178,51,124,31.835,34.638
438,41,69,0.0654971076174802,13,34.8124014050983,31.6745271602293,34.7830000000001,31.616,41,il_19178,69,236,31.616,34.783
439,41,96,0.0692333478852769,14,35.1208723423049,31.7187422368663,35.1258,31.7878000000001,41,il_19178,96,281,31.7878,35.1258
440,41,80,0.0812377153770546,15,35.1497735631334,31.7045152202824,35.1973,31.7704000000001,41,il_19178,80,249,31.7704,35.1973
441,41,10,0.0815509795969912,16,35.1497735631334,31.7045152202824,35.1970000000001,31.7710000000001,41,il_19178,10,22,31.771,35.197
442,42,87,0,1,35.328,32.9560000000001,35.328,32.9560000000001,42,il_2105,87,269,32.956,35.328
443,42,113,0,1,35.3287,32.9560000000001,35.3287,32.9560000000001,42,il_2105,113,298,32.956,35.3287
444,42,70,0.0169192834611427,2,35.2225444318773,33.0492140406838,35.2173000000001,33.0653,42,il_2105,70,239,33.0653,35.2173
445,42,35,0.0176779284704916,3,35.2225444318773,33.0492140406838,35.217,33.066,42,il_2105,35,73,33.066,35.217
446,42,134,0.0242254092676525,4,35.1145177055217,33.0572959997466,35.1079,33.0806000000001,42,il_2105,134,320,33.0806,35.1079
447,42,45,0.0248675596777752,5,35.1145177055217,33.0572959997466,35.107,33.0810000000001,42,il_2105,45,106,33.081,35.107
448,42,148,0.0612623153075178,6,35.1153178844455,33.0403736582624,35.0923000000001,32.9836,42,il_2105,148,345,32.9836,35.0923
449,42,146,0.0654673497613286,7,35.1153178844455,33.0403736582624,35.09,32.9800000000001,42,il_2105,146,343,32.98,35.09
450,42,138,0.0749321286984915,8,35.3284682979112,32.9543109062956,35.3015,32.8844,42,il_2105,138,325,32.8844,35.3015
451,42,56,0.0771597429912062,9,35.3284682979112,32.9543109062956,35.299,32.883,42,il_2105,56,205,32.883,35.299
452,42,31,0.0811010082135975,10,35.4267585488471,32.9702236232171,35.5070000000001,32.982,42,il_2105,31,62,32.982,35.507
453,42,44,0.0888394185491785,11,35.3859353781107,32.9510340220456,35.374,32.8630000000001,42,il_2105,44,99,32.863,35.374
454,42,133,0.0897180943411943,12,35.3859353781107,32.9510340220456,35.3741000000001,32.8621000000001,42,il_2105,133,319,32.8621,35.3741
455,43,153,0.00987031981737386,1,34.8730268807891,31.3910695042714,34.8729000000001,31.3812,43,il_21105,153,351,31.3812,34.8729
456,43,30,0.085984135693824,2,34.8215754657763,31.4098453318762,34.7830000000001,31.333,43,il_21105,30,59,31.333,34.783
457,44,153,0,1,34.8729000000001,31.3812,34.8729000000001,31.3812,44,il_21120,153,351,31.3812,34.8729
458,44,54,0.0500948331322363,2,35.0236631256794,31.4890364488479,35.0700000000001,31.47,44,il_21120,54,188,31.47,35.07
459,44,152,0.0769696327966008,3,34.8805780402907,31.3762392906346,34.8700000000001,31.3000000000001,44,il_21120,152,350,31.3,34.87
460,44,69,0.0779937911766454,4,34.7938361900692,31.5387626486285,34.7830000000001,31.616,44,il_21120,69,236,31.616,34.783
461,45,153,0,1,34.8729000000001,31.3812,34.8729000000001,31.3812,45,il_21130,153,351,31.3812,34.8729
462,45,76,0.018007205288134,2,34.653742596628,31.5206669864434,34.648,31.5036000000001,45,il_21130,76,245,31.5036,34.648
463,45,40,0.026384631550334,3,34.642911160584,31.5244523552634,34.633,31.5000000000001,45,il_21130,40,79,31.5,34.633
464,45,54,0.0500948355461297,4,35.0236631216446,31.4890364453789,35.0700000000001,31.47,45,il_21130,54,188,31.47,35.07
465,45,69,0.0579112749950402,5,34.7527074921768,31.5666433414692,34.7830000000001,31.616,45,il_21130,69,236,31.616,34.783
466,45,100,0.0744416001668089,6,34.7527074921768,31.5666433414692,34.7913,31.6303,45,il_21130,100,285,31.6303,34.7913
467,45,152,0.0769696360370729,7,34.8805780389333,31.3762392940944,34.8700000000001,31.3000000000001,45,il_21130,152,350,31.3,34.87
468,45,30,0.0859841361159842,8,34.8215754644256,31.4098453330266,34.7830000000001,31.333,45,il_21130,30,59,31.333,34.783
469,46,108,0.0233212447364057,1,34.7999049948507,31.2281822720828,34.7995000000001,31.2515000000001,46,il_23134,108,293,31.2515,34.7995
470,46,109,0.0327461944831508,2,34.8673598430041,31.0993376014377,34.8513,31.0708000000001,46,il_23134,109,294,31.0708,34.8513
471,46,164,0.03630965156331,3,34.7999049948507,31.2281822720828,34.8045000000001,31.2642000000001,46,il_23134,164,411,31.2642,34.8045
472,46,165,0.03630965156331,3,34.7999049948507,31.2281822720828,34.8045000000001,31.2642000000001,46,il_23134,165,412,31.2642,34.8045
473,46,47,0.0380588952119087,4,34.8673598430041,31.0993376014377,34.849,31.066,46,il_23134,47,112,31.066,34.849
474,46,151,0.0436347691374873,5,34.8799454585273,31.1933634790767,34.922,31.205,46,il_23134,151,349,31.205,34.922
475,46,160,0.0443098119579407,6,34.8799454585273,31.1933634790767,34.9227000000001,31.205,46,il_23134,160,370,31.205,34.9227
476,46,152,0.0862332174561041,7,34.852216271614,31.2156204598406,34.8700000000001,31.3000000000001,46,il_23134,152,350,31.3,34.87
477,47,15,0,1,35.049,31.3500000000001,35.049,31.3500000000001,47,il_23150,15,28,31.35,35.049
478,47,43,0,1,34.7960000000001,30.871,34.7960000000001,30.871,47,il_23150,43,98,30.871,34.796
479,47,47,0,1,34.849,31.066,34.849,31.066,47,il_23150,47,112,31.066,34.849
480,47,54,0,1,35.0700000000001,31.47,35.0700000000001,31.47,47,il_23150,54,188,31.47,35.07
481,47,71,0,1,35.1855000000001,31.2500000000001,35.1855000000001,31.2500000000001,47,il_23150,71,240,31.25,35.1855
482,47,82,0,1,34.7950000000001,30.8702000000001,34.7950000000001,30.8702000000001,47,il_23150,82,251,30.8702,34.795
483,47,107,0,1,35.0662,31.3568000000001,35.0662,31.3568000000001,47,il_23150,107,292,31.3568,35.0662
484,47,108,0,1,34.7995000000001,31.2515000000001,34.7995000000001,31.2515000000001,47,il_23150,108,293,31.2515,34.7995
485,47,109,0,1,34.8513,31.0708000000001,34.8513,31.0708000000001,47,il_23150,109,294,31.0708,34.8513
486,47,151,0,1,34.922,31.205,34.922,31.205,47,il_23150,151,349,31.205,34.922
487,47,152,0,1,34.8700000000001,31.3000000000001,34.8700000000001,31.3000000000001,47,il_23150,152,350,31.3,34.87
488,47,160,0,1,34.9227000000001,31.205,34.9227000000001,31.205,47,il_23150,160,370,31.205,34.9227
489,47,163,0,1,34.7,30.9800000000001,34.7,30.9800000000001,47,il_23150,163,381,30.98,34.7
490,47,164,0,1,34.8045000000001,31.2642000000001,34.8045000000001,31.2642000000001,47,il_23150,164,411,31.2642,34.8045
491,47,165,0,1,34.8045000000001,31.2642000000001,34.8045000000001,31.2642000000001,47,il_23150,165,412,31.2642,34.8045
492,47,167,0,1,34.7078000000001,30.9831,34.7078000000001,30.9831,47,il_23150,167,480,30.9831,34.7078
493,47,16,0.000803957921902853,2,35.1853539021675,31.2505215588532,35.186,31.251,47,il_23150,16,29,31.251,35.186
494,47,153,0.00166678375178302,3,34.8718898369769,31.3798742026016,34.8729000000001,31.3812,47,il_23150,153,351,31.3812,34.8729
495,47,75,0.0329114892872513,4,34.4218828246475,31.276894547198,34.3894000000001,31.2716,47,il_23150,75,244,31.2716,34.3894
496,47,29,0.033112650976165,5,34.4218828246475,31.276894547198,34.3890000000001,31.273,47,il_23150,29,58,31.273,34.389
497,47,89,0.0379798101204024,6,34.7380505242313,30.8205352617438,34.77,30.8000000000001,47,il_23150,89,271,30.8,34.77
498,47,30,0.0413048166186972,7,34.8196801907321,31.3140091736945,34.7830000000001,31.333,47,il_23150,30,59,31.333,34.783
499,47,143,0.0466587843554439,8,34.7380505242313,30.8205352617438,34.7712000000001,30.7877,47,il_23150,143,335,30.7877,34.7712
500,48,30,0,1,34.7830000000001,31.333,34.7830000000001,31.333,48,il_23160,30,59,31.333,34.783
501,48,153,0.00593133465075795,2,34.8670020409065,31.3818283384995,34.8729000000001,31.3812,48,il_23160,153,351,31.3812,34.8729
502,48,108,0.00680375019210774,3,34.7936923494801,31.2550443211077,34.7995000000001,31.2515000000001,48,il_23160,108,293,31.2515,34.7995
503,48,164,0.00868572600561316,4,34.7958353830058,31.2635948152452,34.8045000000001,31.2642000000001,48,il_23160,164,411,31.2642,34.8045
504,48,165,0.00868572600561316,4,34.7958353830058,31.2635948152452,34.8045000000001,31.2642000000001,48,il_23160,165,412,31.2642,34.8045
505,48,152,0.0438031674541522,5,34.8264363462317,31.2954255547474,34.8700000000001,31.3000000000001,48,il_23160,152,350,31.3,34.87
506,48,76,0.0460987510872843,6,34.6650085395217,31.460753711536,34.648,31.5036000000001,48,il_23160,76,245,31.5036,34.648
507,48,40,0.0506440298605326,7,34.6650085395217,31.460753711536,34.633,31.5000000000001,48,il_23160,40,79,31.5,34.633
508,49,89,0.0471081242902481,1,34.7242173198565,30.8110960160878,34.77,30.8000000000001,49,il_25191,89,271,30.8,34.77
509,49,143,0.0517977761983207,2,34.7235285065017,30.8079592775469,34.7712000000001,30.7877,49,il_25191,143,335,30.7877,34.7712
510,49,163,0.0806132169872517,3,34.6689483356567,30.905607225522,34.7,30.9800000000001,49,il_25191,163,381,30.98,34.7
511,49,82,0.0838540563273946,4,34.7129444158897,30.8529262083241,34.7950000000001,30.8702000000001,49,il_25191,82,251,30.8702,34.795
512,49,43,0.084999364688538,5,34.7129444158897,30.8529262083241,34.7960000000001,30.871,49,il_25191,43,98,30.871,34.796
513,49,167,0.0866866882430667,6,34.6689483356567,30.905607225522,34.7078000000001,30.9831,49,il_25191,167,480,30.9831,34.7078
514,50,168,0.0438772966430266,1,35.6720541714422,33.2511990540116,35.6350000000001,33.2277,50,il_30118,168,498,33.2277,35.635
515,50,169,0.0438772966430266,1,35.6720541714422,33.2511990540116,35.6350000000001,33.2277,50,il_30118,169,499,33.2277,35.635
516,50,150,0.0751079457393716,2,35.6720541714422,33.2511990540116,35.6000000000001,33.2300000000001,50,il_30118,150,348,33.23,35.6
517,50,154,0.0751079457393716,2,35.6720541714422,33.2511990540116,35.6000000000001,33.2300000000001,50,il_30118,154,352,33.23,35.6
518,51,168,0.00674097728022689,1,35.6348502995941,33.2344393148377,35.6350000000001,33.2277,51,il_30120,168,498,33.2277,35.635
519,51,169,0.00674097728022689,1,35.6348502995941,33.2344393148377,35.6350000000001,33.2277,51,il_30120,169,499,33.2277,35.635
520,51,150,0.0207811586878697,2,35.6078206098872,33.2492534313151,35.6000000000001,33.2300000000001,51,il_30120,150,348,33.23,35.6
521,51,154,0.0207811586878697,2,35.6078206098872,33.2492534313151,35.6000000000001,33.2300000000001,51,il_30120,154,352,33.23,35.6
522,51,72,0.0219174613397702,3,35.5801188823111,33.260441793445,35.5700000000001,33.241,51,il_30120,72,241,33.241,35.57
523,51,149,0.0226344951249611,4,35.5801188823111,33.260441793445,35.5696,33.2404000000001,51,il_30120,149,346,33.2404,35.5696
524,51,55,0.0651198011969521,5,35.6333831648315,33.2348475149007,35.6130000000001,33.1730000000001,51,il_30120,55,202,33.173,35.613
525,51,137,0.0663594880235893,6,35.6333831648315,33.2348475149007,35.6133,33.1716000000001,51,il_30120,137,324,33.1716,35.6133
526,52,168,0.00674097728022689,1,35.6348502995941,33.2344393148377,35.6350000000001,33.2277,52,il_30122,168,498,33.2277,35.635
527,52,169,0.00674097728022689,1,35.6348502995941,33.2344393148377,35.6350000000001,33.2277,52,il_30122,169,499,33.2277,35.635
528,52,150,0.00697678765060998,2,35.6063375303614,33.2329174089261,35.6000000000001,33.2300000000001,52,il_30122,150,348,33.23,35.6
529,52,154,0.00697678765060998,2,35.6063375303614,33.2329174089261,35.6000000000001,33.2300000000001,52,il_30122,154,352,33.23,35.6
530,52,72,0.0219174613397702,3,35.5801188823111,33.260441793445,35.5700000000001,33.241,52,il_30122,72,241,33.241,35.57
531,52,149,0.0226344951249611,4,35.5801188823111,33.260441793445,35.5696,33.2404000000001,52,il_30122,149,346,33.2404,35.5696
532,52,55,0.0504463762420429,5,35.6173270171653,33.2232604595921,35.6130000000001,33.1730000000001,52,il_30122,55,202,33.173,35.613
533,52,137,0.0518171781604462,6,35.6173270171653,33.2232604595921,35.6133,33.1716000000001,52,il_30122,137,324,33.1716,35.6133
534,54,168,0.0199312043054975,1,35.65475954406,33.2303102343973,35.6350000000001,33.2277,54,il_30125,168,498,33.2277,35.635
535,54,169,0.0199312043054975,1,35.65475954406,33.2303102343973,35.6350000000001,33.2277,54,il_30125,169,499,33.2277,35.635
536,54,150,0.0547604228529707,2,35.65475954406,33.2303102343973,35.6000000000001,33.2300000000001,54,il_30125,150,348,33.23,35.6
537,54,154,0.0547604228529707,2,35.65475954406,33.2303102343973,35.6000000000001,33.2300000000001,54,il_30125,154,352,33.23,35.6
538,54,55,0.0691282070598346,3,35.6559877462012,33.2271365189855,35.6130000000001,33.1730000000001,54,il_30125,55,202,33.173,35.613
539,54,137,0.0700467602159174,4,35.6559877462012,33.2271365189855,35.6133,33.1716000000001,54,il_30125,137,324,33.1716,35.6133
540,54,4,0.0722970437132195,5,35.7535543321929,33.1990288965308,35.7830000000001,33.133,54,il_30125,4,10,33.133,35.783
541,54,118,0.0851486622340865,6,35.7634190397002,33.2033831708974,35.8045000000001,33.1288000000001,54,il_30125,118,303,33.1288,35.8045
542,54,72,0.085430974464181,7,35.65475954406,33.2303102343973,35.5700000000001,33.241,54,il_30125,72,241,33.241,35.57
543,54,149,0.0857551824348082,8,35.65475954406,33.2303102343973,35.5696,33.2404000000001,54,il_30125,149,346,33.2404,35.5696
544,55,168,0.00878054211884916,1,35.6437727508013,33.2280698151965,35.6350000000001,33.2277,55,il_30128,168,498,33.2277,35.635
545,55,169,0.00878054211884916,1,35.6437727508013,33.2280698151965,35.6350000000001,33.2277,55,il_30128,169,499,33.2277,35.635
546,55,150,0.0433531272305553,2,35.6418604322896,33.2187217976076,35.6000000000001,33.2300000000001,55,il_30128,150,348,33.23,35.6
547,55,154,0.0433531272305553,2,35.6418604322896,33.2187217976076,35.6000000000001,33.2300000000001,55,il_30128,154,352,33.23,35.6
548,55,55,0.0528095407983587,3,35.6425423603904,33.2167732400207,35.6130000000001,33.1730000000001,55,il_30128,55,202,33.173,35.613
549,55,137,0.0538120549241262,4,35.6425423603904,33.2167732400207,35.6133,33.1716000000001,55,il_30128,137,324,33.1716,35.6133
550,55,4,0.0722970437132195,5,35.7535543321929,33.1990288965308,35.7830000000001,33.133,55,il_30128,4,10,33.133,35.783
551,55,72,0.0736960031144898,6,35.6434705158274,33.2352394289247,35.5700000000001,33.241,55,il_30128,72,241,33.241,35.57
552,55,149,0.0740505543694619,7,35.6434705158274,33.2352394289247,35.5696,33.2404000000001,55,il_30128,149,346,33.2404,35.5696
553,55,118,0.0851486622340865,8,35.7634190397002,33.2033831708974,35.8045000000001,33.1288000000001,55,il_30128,118,303,33.1288,35.8045
554,56,168,0.0210726338358508,1,35.6471296029923,33.2449316171043,35.6350000000001,33.2277,56,il_30131,168,498,33.2277,35.635
555,56,169,0.0210726338358508,1,35.6471296029923,33.2449316171043,35.6350000000001,33.2277,56,il_30131,169,499,33.2277,35.635
556,56,150,0.0467267801983325,2,35.6387967248749,33.2560423909557,35.6000000000001,33.2300000000001,56,il_30131,150,348,33.23,35.6
557,56,154,0.0467267801983325,2,35.6387967248749,33.2560423909557,35.6000000000001,33.2300000000001,56,il_30131,154,352,33.23,35.6
558,56,72,0.0695276256198503,3,35.6357470735172,33.2636144433552,35.5700000000001,33.241,56,il_30131,72,241,33.241,35.57
559,56,149,0.0701023945038542,4,35.6357470735172,33.2636144433552,35.5696,33.2404000000001,56,il_30131,149,346,33.2404,35.5696
560,56,55,0.0792456522178745,5,35.6496297586356,33.2432718590742,35.6130000000001,33.1730000000001,56,il_30131,55,202,33.173,35.613
561,56,137,0.0803536355472636,6,35.6496297586356,33.2432718590742,35.6133,33.1716000000001,56,il_30131,137,324,33.1716,35.6133
562,57,72,0,1,35.5700000000001,33.241,35.5700000000001,33.241,57,il_30136,72,241,33.241,35.57
563,57,150,0,1,35.6000000000001,33.2300000000001,35.6000000000001,33.2300000000001,57,il_30136,150,348,33.23,35.6
564,57,154,0,1,35.6000000000001,33.2300000000001,35.6000000000001,33.2300000000001,57,il_30136,154,352,33.23,35.6
565,57,168,0,1,35.6350000000001,33.2277,35.6350000000001,33.2277,57,il_30136,168,498,33.2277,35.635
566,57,169,0,1,35.6350000000001,33.2277,35.6350000000001,33.2277,57,il_30136,169,499,33.2277,35.635
567,57,149,0.000129816450595443,2,35.5695838933016,33.2405288133733,35.5696,33.2404000000001,57,il_30136,149,346,33.2404,35.5696
568,57,55,0.00777566068079925,3,35.6137717467122,33.1807372673494,35.6130000000001,33.1730000000001,57,il_30136,55,202,33.173,35.613
569,57,137,0.00913897252149918,4,35.6142070575846,33.1806938476614,35.6133,33.1716000000001,57,il_30136,137,324,33.1716,35.6133
570,57,4,0.0722970437132195,5,35.7535543321929,33.1990288965308,35.7830000000001,33.133,57,il_30136,4,10,33.133,35.783
571,57,118,0.0851486622340865,6,35.7634190397002,33.2033831708974,35.8045000000001,33.1288000000001,57,il_30136,118,303,33.1288,35.8045
572,58,43,0.00389679357681696,1,34.7940274532962,30.8743606635776,34.7960000000001,30.871,58,il_23105,43,98,30.871,34.796
573,58,82,0.00427281739565661,2,34.7940274532962,30.8743606635776,34.7950000000001,30.8702000000001,58,il_23105,82,251,30.8702,34.795
574,58,163,0.0189932737434209,3,34.7015784503082,30.9610724290488,34.7,30.9800000000001,58,il_23105,163,381,30.98,34.7
575,58,167,0.0228893329431637,4,34.7015784503082,30.9610724290488,34.7078000000001,30.9831,58,il_23105,167,480,30.9831,34.7078
576,58,89,0.0379798101204024,5,34.7380505242313,30.8205352617438,34.77,30.8000000000001,58,il_23105,89,271,30.8,34.77
577,58,143,0.0466587843554439,6,34.7380505242313,30.8205352617438,34.7712000000001,30.7877,58,il_23105,143,335,30.7877,34.7712
578,59,43,0.0603293123044742,1,34.8367210690309,30.9155131492946,34.7960000000001,30.871,59,il_23103,43,98,30.871,34.796
579,59,82,0.0615948788460452,2,34.8367210690309,30.9155131492946,34.7950000000001,30.8702000000001,59,il_23103,82,251,30.8702,34.795
580,60,110,0.0719310350494888,1,35.3106918225951,30.774226968392,35.2389000000001,30.7787000000001,60,il_59185,110,295,30.7787,35.2389
581,62,84,0,1,35.3940000000001,32.5450000000001,35.3940000000001,32.5450000000001,62,il_38175,84,257,32.545,35.394
582,62,162,0,1,35.3945000000001,32.5462000000001,35.3945000000001,32.5462000000001,62,il_38175,162,380,32.5462,35.3945
583,62,166,0,1,35.3945000000001,32.5462000000001,35.3945000000001,32.5462000000001,62,il_38175,166,443,32.5462,35.3945
584,62,64,0.0123730265420835,2,35.4159135788154,32.4933392527959,35.4150000000001,32.4810000000001,62,il_38175,64,224,32.481,35.415
585,62,140,0.0123730265420835,2,35.4159135788154,32.4933392527959,35.4150000000001,32.4810000000001,62,il_38175,140,328,32.481,35.415
586,62,7,0.0150366247894267,3,35.2899505518762,32.5878739715695,35.2780000000001,32.597,62,il_38175,7,16,32.597,35.278
587,62,121,0.0153736541630435,4,35.2899505518762,32.5878739715695,35.2769000000001,32.5960000000001,62,il_38175,121,306,32.596,35.2769
588,62,57,0.0173037053596485,5,35.4795624123213,32.4845034533123,35.489,32.47,62,il_38175,57,206,32.47,35.489
589,62,122,0.018954781463056,6,35.4784619014096,32.4837873363988,35.4888,32.4679,62,il_38175,122,307,32.4679,35.4888
590,62,158,0.0537425597603452,7,35.4922640566509,32.4907316374969,35.5100000000001,32.4400000000001,62,il_38175,158,366,32.44,35.51
591,62,159,0.0548850538544441,8,35.4922640566509,32.4907316374969,35.5106000000001,32.4390000000001,62,il_38175,159,367,32.439,35.5106
592,62,6,0.0618708435232642,9,35.4067031003088,32.638493335934,35.4,32.7,62,il_38175,6,13,32.7,35.4
593,62,120,0.0668069542272687,10,35.4067031003088,32.638493335934,35.4069000000001,32.7053000000001,62,il_38175,120,305,32.7053,35.4069
594,63,148,0.0415973301693092,1,35.131473597234,32.9975916817062,35.0923000000001,32.9836,63,il_4110,148,345,32.9836,35.0923
595,63,70,0.04206613984046,2,35.2239634612855,33.0237649737598,35.2173000000001,33.0653,63,il_4110,70,239,33.0653,35.2173
596,63,35,0.0428052243842359,3,35.2239634612855,33.0237649737598,35.217,33.066,63,il_4110,35,73,33.066,35.217
597,63,146,0.0450502667336956,4,35.131473597234,32.9975916817062,35.09,32.9800000000001,63,il_4110,146,343,32.98,35.09
598,63,87,0.0640848937365011,5,35.278289561306,32.9964443554786,35.328,32.9560000000001,63,il_4110,87,269,32.956,35.328
599,63,113,0.06462939129676,6,35.278289561306,32.9964443554786,35.3287,32.9560000000001,63,il_4110,113,298,32.956,35.3287
600,63,134,0.0756110806212482,7,35.1405946568178,33.0124230616097,35.1079,33.0806000000001,63,il_4110,134,320,33.0806,35.1079
601,63,45,0.0763635871714987,8,35.1405946568178,33.0124230616097,35.107,33.0810000000001,63,il_4110,45,106,33.081,35.107
602,64,60,0.0172673972987974,1,35.3766287158411,31.5990489796449,35.383,31.583,64,il_48125,60,210,31.583,35.383
603,64,104,0.0176998872112005,2,35.3787968918957,31.6003215559631,35.3916,31.5881000000001,64,il_48125,104,289,31.5881,35.3916
604,64,79,0.0281230818856043,3,35.2305908968866,31.7539193012218,35.2217000000001,31.7806000000001,64,il_48125,79,248,31.7806,35.2217
605,64,11,0.0284106979082903,4,35.2305908968866,31.7539193012218,35.222,31.7810000000001,64,il_48125,11,23,31.781,35.222
606,64,80,0.0332895474418492,5,35.2221233542987,31.7482190385636,35.1973,31.7704000000001,64,il_48125,80,249,31.7704,35.1973
607,64,10,0.0339139371820211,6,35.2221233542987,31.7482190385636,35.1970000000001,31.7710000000001,64,il_48125,10,22,31.771,35.197
608,64,63,0.0612243912384186,7,35.2460896806671,31.7375403594688,35.2960000000001,31.773,64,il_48125,63,218,31.773,35.296
609,64,95,0.0617782984637277,8,35.2381955474938,31.7524678718881,35.2961,31.7740000000001,64,il_48125,95,280,31.774,35.2961
610,64,38,0.0752730836003878,9,35.1923300619655,31.6965759361937,35.124,31.6650000000001,64,il_48125,38,77,31.665,35.124
611,64,101,0.0761606218783407,10,35.1923300619655,31.6965759361937,35.1233,31.6644000000001,64,il_48125,101,286,31.6644,35.1233
612,65,101,0.00643987179572862,1,35.1271581713237,31.6592437937607,35.1233,31.6644000000001,65,il_48130,101,286,31.6644,35.1233
613,65,38,0.0065656649609684,2,35.1271581713237,31.6592437937607,35.124,31.6650000000001,65,il_48130,38,77,31.665,35.124
614,65,60,0.0277890516557308,3,35.356823193701,31.5923277116115,35.383,31.583,65,il_48130,60,210,31.583,35.383
615,65,104,0.0350328389062545,4,35.356823193701,31.5923277116115,35.3916,31.5881000000001,65,il_48130,104,289,31.5881,35.3916
616,65,80,0.0735829532890921,5,35.1940724800842,31.6968878640636,35.1973,31.7704000000001,65,il_48130,80,249,31.7704,35.1973
617,65,10,0.0741699337057948,6,35.1940724800842,31.6968878640636,35.1970000000001,31.7710000000001,65,il_48130,10,22,31.771,35.197
618,65,79,0.0879580865451706,7,35.1978279970632,31.6959433259308,35.2217000000001,31.7806000000001,65,il_48130,79,248,31.7806,35.2217
619,65,11,0.0884246771535333,8,35.1978279970632,31.6959433259308,35.222,31.7810000000001,65,il_48130,11,23,31.781,35.222
620,66,16,0.0384040426456104,1,35.2228346265845,31.2618664978679,35.186,31.251,66,il_48185,16,29,31.251,35.186
621,66,71,0.0391750955818176,2,35.2228346265845,31.2618664978679,35.1855000000001,31.2500000000001,66,il_48185,71,240,31.25,35.1855
622,67,18,0.0169853608680921,1,35.3492611628338,31.1456131785313,35.3650000000001,31.152,67,il_48192,18,32,31.152,35.365
623,67,71,0.0205246784856509,2,35.1882404021523,31.2296590899176,35.1855000000001,31.2500000000001,67,il_48192,71,240,31.25,35.1855
624,67,16,0.0214581882961055,3,35.1882404021523,31.2296590899176,35.186,31.251,67,il_48192,16,29,31.251,35.186
625,68,148,0,1,35.0923000000001,32.9836,35.0923000000001,32.9836,68,il_5110,148,345,32.9836,35.0923
626,68,87,0.00108814199899638,2,35.3269130180214,32.9559497686551,35.328,32.9560000000001,68,il_5110,87,269,32.956,35.328
627,68,113,0.00178739575978085,3,35.3269145097042,32.9559174893598,35.3287,32.9560000000001,68,il_5110,113,298,32.956,35.3287
628,68,146,0.00333145226557096,4,35.090216347077,32.9833244199705,35.09,32.9800000000001,68,il_5110,146,343,32.98,35.09
629,68,138,0.0590897454947815,5,35.2817981244173,32.9401084744107,35.3015,32.8844,68,il_5110,138,325,32.8844,35.3015
630,68,56,0.0596429574474047,6,35.2817981244173,32.9401084744107,35.299,32.883,68,il_5110,56,205,32.883,35.299
631,68,70,0.0675429048293369,7,35.2288847798629,32.9987580067303,35.2173000000001,33.0653,68,il_5110,70,239,33.0653,35.2173
632,68,35,0.0682842123135388,8,35.2288847798629,32.9987580067303,35.217,33.066,68,il_5110,35,73,33.066,35.217
633,68,134,0.0857906393707398,9,35.1012061300286,32.9950709060703,35.1079,33.0806000000001,68,il_5110,134,320,33.0806,35.1079
634,68,45,0.0861242016673464,10,35.1012061300286,32.9950709060703,35.107,33.0810000000001,68,il_5110,45,106,33.081,35.107
635,69,86,0,1,34.797,30.614,34.797,30.614,69,il_55106,86,265,30.614,34.797
636,69,161,0,1,34.7967,30.6125000000001,34.7967,30.6125000000001,69,il_55106,161,379,30.6125,34.7967
637,69,111,0.00458215710957648,2,34.8008944200278,30.6074046631294,34.8046000000001,30.6101,69,il_55106,111,296,30.6101,34.8046
638,69,143,0.0104028580682176,3,34.7759887832471,30.7784649033031,34.7712000000001,30.7877,69,il_55106,143,335,30.7877,34.7712
639,69,89,0.0223523134043397,4,34.7759887832471,30.7784649033031,34.77,30.8000000000001,69,il_55106,89,271,30.8,34.77
640,70,86,0,1,34.797,30.614,34.797,30.614,70,il_55140,86,265,30.614,34.797
641,70,89,0,1,34.77,30.8000000000001,34.77,30.8000000000001,70,il_55140,89,271,30.8,34.77
642,70,143,0,1,34.7712000000001,30.7877,34.7712000000001,30.7877,70,il_55140,143,335,30.7877,34.7712
643,70,161,0,1,34.7967,30.6125000000001,34.7967,30.6125000000001,70,il_55140,161,379,30.6125,34.7967
644,70,111,0.00452321287879182,2,34.8005892954643,30.6121913402101,34.8046000000001,30.6101,70,il_55140,111,296,30.6101,34.8046
645,70,43,0.00959402078501495,3,34.8037679611216,30.8653693681671,34.7960000000001,30.871,70,il_55140,43,98,30.871,34.796
646,70,82,0.0100106016868884,4,34.8037679611216,30.8653693681671,34.7950000000001,30.8702000000001,70,il_55140,82,251,30.8702,34.795
647,72,111,0,1,34.8046000000001,30.6101,34.8046000000001,30.6101,72,il_56140,111,296,30.6101,34.8046
648,72,161,0.00361172451952174,2,34.8000616366038,30.6111794117414,34.7967,30.6125000000001,72,il_56140,161,379,30.6125,34.7967
649,72,86,0.00401885356564313,3,34.8005634920067,30.6121418534233,34.797,30.614,72,il_56140,86,265,30.614,34.797
650,73,111,0,1,34.8046000000001,30.6101,34.8046000000001,30.6101,73,il_56150,111,296,30.6101,34.8046
651,73,161,0.0036117237052624,2,34.8000616352738,30.6111794105827,34.7967,30.6125000000001,73,il_56150,161,379,30.6125,34.7967
652,73,86,0.00401885275596053,3,34.8005634915731,30.612141854343,34.797,30.614,73,il_56150,86,265,30.614,34.797
653,73,19,0.0785116971434458,4,35.0670637897444,30.5390584896697,35.14,30.51,73,il_56150,19,33,30.51,35.14
654,74,111,0,1,34.8046000000001,30.6101,34.8046000000001,30.6101,74,il_56164,111,296,30.6101,34.8046
655,74,161,0.0036117237052624,2,34.8000616352738,30.6111794105827,34.7967,30.6125000000001,74,il_56164,161,379,30.6125,34.7967
656,74,86,0.00401885275596053,3,34.8005634915731,30.612141854343,34.797,30.614,74,il_56164,86,265,30.614,34.797
657,74,19,0.0745291902799422,4,35.1076886702547,30.5771608380969,35.14,30.51,74,il_56164,19,33,30.51,35.14
658,79,20,0.0125770743267892,1,35.1414012462999,30.3787784657447,35.15,30.3696,79,il_57190,20,35,30.3696,35.15
659,79,58,0.013107126337471,2,35.1390388578326,30.3765652857711,35.148,30.3670000000001,79,il_57190,58,207,30.367,35.148
660,79,112,0.0141465180180773,3,35.138681277104,30.3762302898471,35.1479000000001,30.3655000000001,79,il_57190,112,297,30.3655,35.1479
661,80,67,0.0223302212316131,1,35.012691090295,30.0281917905669,35.023,30.0480000000001,80,il_58150,67,232,30.048,35.023
662,80,141,0.0224702943032931,2,35.012691090295,30.0281917905669,35.0233000000001,30.0480000000001,80,il_58150,141,329,30.048,35.0233
663,80,123,0.0750222737590771,3,35.0054806342814,29.9074384872821,35.0771,29.8851000000001,80,il_58150,123,309,29.8851,35.0771
664,80,21,0.0756218694636045,4,35.0054806342814,29.9074384872821,35.078,29.886,80,il_58150,21,36,29.886,35.078
665,81,67,0,1,35.023,30.0480000000001,35.023,30.0480000000001,81,il_58175,67,232,30.048,35.023
666,81,141,0,1,35.0233000000001,30.0480000000001,35.0233000000001,30.0480000000001,81,il_58175,141,329,30.048,35.0233
667,82,110,0.046110981367836,1,35.2410321086737,30.8247616620989,35.2389000000001,30.7787000000001,82,il_59195,110,295,30.7787,35.2389
668,83,141,0.030581459893234,1,35.0499390877133,30.0630194771883,35.0233000000001,30.0480000000001,83,il_60105,141,329,30.048,35.0233
669,83,67,0.0308431376781203,2,35.0499390877133,30.0630194771883,35.023,30.0480000000001,83,il_60105,67,232,30.048,35.023
670,84,141,0.0305814604327276,1,35.0499390863805,30.0630194806507,35.0233000000001,30.0480000000001,84,il_60110,141,329,30.048,35.0233
671,84,67,0.0308431382000728,2,35.0499390863805,30.0630194806507,35.023,30.0480000000001,84,il_60110,67,232,30.048,35.023
672,87,130,0.0552853121036751,1,34.9151558737144,29.5938186376855,34.9520000000001,29.5526,87,il_60170,130,316,29.5526,34.952
673,87,32,0.0563473808565642,2,34.9151558737144,29.5938186376855,34.9540000000001,29.5530000000001,87,il_60170,32,64,29.553,34.954
674,88,130,0.042355841898411,1,34.9118353241182,29.5391532102631,34.9520000000001,29.5526,88,il_60190,130,316,29.5526,34.952
675,88,32,0.0443801022784009,2,34.9118353241182,29.5391532102631,34.9540000000001,29.5530000000001,88,il_60190,32,64,29.553,34.954
676,89,44,0,1,35.374,32.8630000000001,35.374,32.8630000000001,89,il_7105,44,99,32.863,35.374
677,89,56,0,1,35.299,32.883,35.299,32.883,89,il_7105,56,205,32.883,35.299
678,89,133,0,1,35.3741000000001,32.8621000000001,35.3741000000001,32.8621000000001,89,il_7105,133,319,32.8621,35.3741
679,89,138,0,1,35.3015,32.8844,35.3015,32.8844,89,il_7105,138,325,32.8844,35.3015
680,89,87,0.000877958285114323,2,35.3273852274547,32.9553732101885,35.328,32.9560000000001,89,il_7105,87,269,32.956,35.328
681,89,113,0.00136811913787167,3,35.3277420022239,32.9550232757625,35.3287,32.9560000000001,89,il_7105,113,298,32.956,35.3287
682,89,39,0.0794997820397683,4,35.1820626363835,32.8855691672436,35.1120000000001,32.8480000000001,89,il_7105,39,78,32.848,35.112
683,89,132,0.0799088319951474,5,35.1820626363835,32.8855691672436,35.1123000000001,32.8466,89,il_7105,132,318,32.8466,35.1123
684,90,34,0,1,35.099,32.633,35.099,32.633,90,il_8130,34,67,32.633,35.099
685,90,131,0.00170382338349684,2,35.0973959603709,32.6041824171086,35.0964000000001,32.6028000000001,90,il_8130,131,317,32.6028,35.0964
686,91,53,0.00101107629704764,1,35.1786153327538,32.7099350435221,35.179,32.7090000000001,91,il_8140,53,186,32.709,35.179
687,91,136,0.00192136643177438,2,35.1777213481809,32.7095975207019,35.1784000000001,32.7078000000001,91,il_8140,136,323,32.7078,35.1784
688,91,34,0.0589433627716763,3,35.1394238497279,32.6758979298803,35.099,32.633,91,il_8140,34,67,32.633,35.099
689,91,131,0.0848195673071987,4,35.1394238497279,32.6758979298803,35.0964000000001,32.6028000000001,91,il_8140,131,317,32.6028,35.0964
690,92,7,0,1,35.2780000000001,32.597,35.2780000000001,32.597,92,il_8146,7,16,32.597,35.278
691,92,34,0,1,35.099,32.633,35.099,32.633,92,il_8146,34,67,32.633,35.099
692,92,53,0,1,35.179,32.7090000000001,35.179,32.7090000000001,92,il_8146,53,186,32.709,35.179
693,92,121,0,1,35.2769000000001,32.5960000000001,35.2769000000001,32.5960000000001,92,il_8146,121,306,32.596,35.2769
694,92,131,0,1,35.0964000000001,32.6028000000001,35.0964000000001,32.6028000000001,92,il_8146,131,317,32.6028,35.0964
695,92,136,0,1,35.1784000000001,32.7078000000001,35.1784000000001,32.7078000000001,92,il_8146,136,323,32.7078,35.1784
696,92,64,0.000261125267126888,2,35.4149044002565,32.4807570039215,35.4150000000001,32.4810000000001,92,il_8146,64,224,32.481,35.415
697,92,140,0.000261125267126888,2,35.4149044002565,32.4807570039215,35.4150000000001,32.4810000000001,92,il_8146,140,328,32.481,35.415
698,92,84,0.0287489423751981,3,35.3909889196467,32.516409178347,35.3940000000001,32.5450000000001,92,il_8146,84,257,32.545,35.394
699,92,162,0.0299970121847513,4,35.3909889196467,32.516409178347,35.3945000000001,32.5462000000001,92,il_8146,162,380,32.5462,35.3945
700,92,166,0.0299970121847513,4,35.3909889196467,32.516409178347,35.3945000000001,32.5462000000001,92,il_8146,166,443,32.5462,35.3945
701,92,6,0.0533458829917082,5,35.3565828063122,32.6690043466848,35.4,32.7,92,il_8146,6,13,32.7,35.4
702,92,122,0.0600182788169816,6,35.4288922488967,32.4642592377319,35.4888,32.4679,92,il_8146,122,307,32.4679,35.4888
703,92,57,0.0603812727103465,7,35.4288922488967,32.4642592377319,35.489,32.47,92,il_8146,57,206,32.47,35.489
704,92,120,0.0620418764239451,8,35.3565828063122,32.6690043466848,35.4069000000001,32.7053000000001,92,il_8146,120,305,32.7053,35.4069
705,92,125,0.0814797688561453,9,35.082456061969,32.7078319724851,35.0208000000001,32.7611000000001,92,il_8146,125,311,32.7611,35.0208
706,92,23,0.0819208322564506,10,35.082456061969,32.7078319724851,35.0210000000001,32.7620000000001,92,il_8146,23,42,32.762,35.021
707,92,158,0.0841207028705944,11,35.4281908483007,32.4595845691728,35.5100000000001,32.4400000000001,92,il_8146,158,366,32.44,35.51
708,92,159,0.0849411135542132,12,35.4281908483007,32.4595845691728,35.5106000000001,32.4390000000001,92,il_8146,159,367,32.439,35.5106
709,92,24,0.0883171987633216,13,35.082456061969,32.7078319724851,35.0160000000001,32.7660000000001,92,il_8146,24,43,32.766,35.016
710,92,126,0.0885891960746575,14,35.0927677120718,32.7199125040952,35.0223,32.7736,92,il_8146,126,312,32.7736,35.0223
711,93,133,0.0132002006606037,1,35.3732393309727,32.8489278875535,35.3741000000001,32.8621000000001,93,il_8155,133,319,32.8621,35.3741
712,93,44,0.0140926564592554,2,35.3732393309727,32.8489278875535,35.374,32.8630000000001,93,il_8155,44,99,32.863,35.374
713,93,53,0.027876644693812,3,35.1694832603202,32.7352018889635,35.179,32.7090000000001,93,il_8155,53,186,32.709,35.179
714,93,136,0.0288161719400946,4,35.1694832603202,32.7352018889635,35.1784000000001,32.7078000000001,93,il_8155,136,323,32.7078,35.1784
715,93,56,0.0425575794094917,5,35.2893766098691,32.8415447478891,35.299,32.883,93,il_8155,56,205,32.883,35.299
716,93,138,0.044537054480056,6,35.2893766098691,32.8415447478891,35.3015,32.8844,93,il_8155,138,325,32.8844,35.3015
717,93,6,0.0446849328233126,7,35.3674006599721,32.7305618430592,35.4,32.7,93,il_8155,6,13,32.7,35.4
718,93,120,0.0461444085647631,8,35.3765794367889,32.7400846214347,35.4069000000001,32.7053000000001,93,il_8155,120,305,32.7053,35.4069
719,93,132,0.0848858081094962,9,35.1538885975847,32.7726000745315,35.1123000000001,32.8466,93,il_8155,132,318,32.8466,35.1123
720,93,39,0.086254294781595,10,35.1538885975847,32.7726000745315,35.1120000000001,32.8480000000001,93,il_8155,39,78,32.848,35.112
721,94,18,0.0380847484263227,1,35.3407656795167,31.1813793426306,35.3650000000001,31.152,94,il_48188,18,32,31.152,35.365
722,94,71,0.0724251741064882,2,35.2488004336001,31.2148082260976,35.1855000000001,31.2500000000001,94,il_48188,71,240,31.25,35.1855
723,94,16,0.0724826804040789,3,35.2488004336001,31.2148082260976,35.186,31.251,94,il_48188,16,29,31.251,35.186
